0.0,58.0,92.0,0.0,0.0,0.0,52.0,55.0,30.0,30.0,21.0,24.0,0.0,75.0,36.0,112.0,48.0,56.0,36.0,60.0,0.0,55.0,78.0,0.0,22.0,54.0,20.0,48.0,41.0,0.0,22.0,51.0,0.0,0.0,85.0,51.0,46.0,0.0,51.0,105.0,35.0,0.0,112.0,46.0,55.0,41.0,0.0,46.0,92.0,31.0,39.0,0.0,25.0,25.0,0.0,78.0,0.0,55.0,48.0,78.0,53.0,0.0,52.0,55.0,0.0,48.0,61.0,0.0,92.0,92.0,58.0,0.0,60.0,173.0,0.0,58.0,51.0,85.0,58.0,0.0,0.0,21.0,0.0,55.0,35.0,55.0
107.0,0.0,48.0,30.0,34.0,34.0,35.0,0.0,45.0,36.0,45.0,53.0,76.0,0.0,79.0,0.0,64.0,0.0,52.0,0.0,95.0,136.0,57.0,95.0,21.0,0.0,66.0,46.0,81.0,75.0,0.0,21.0,0.0,30.0,42.0,93.0,67.0,57.0,0.0,0.0,0.0,81.0,30.0,75.0,136.0,45.0,0.0,75.0,48.0,64.0,53.0,0.0,34.0,0.0,34.0,160.0,65.0,136.0,45.0,160.0,45.0,20.0,35.0,0.0,76.0,0.0,20.0,76.0,48.0,48.0,0.0,92.0,79.0,104.0,92.0,0.0,74.0,42.0,123.0,34.0,36.0,33.0,34.0,136.0,0.0,136.0
20.0,0.0,51.0,31.0,265.0,307.0,25.0,74.0,321.0,269.0,361.0,0.0,34.0,43.0,368.0,56.0,88.0,0.0,361.0,0.0,0.0,52.0,0.0,0.0,49.0,0.0,68.0,143.0,0.0,86.0,83.0,49.0,46.0,985.0,150.0,57.0,40.0,0.0,110.0,176.0,0.0,262.0,56.0,36.0,52.0,176.0,0.0,36.0,0.0,88.0,158.0,57.0,396.0,69.0,307.0,0.0,316.0,52.0,44.0,0.0,92.0,45.0,40.0,51.0,34.0,0.0,58.0,34.0,0.0,0.0,0.0,43.0,373.0,20.0,43.0,0.0,80.0,37.0,57.0,307.0,23.0,255.0,310.0,40.0,0.0,40.0
22.0,0.0,72.0,20.0,362.0,306.0,40.0,342.0,323.0,273.0,278.0,0.0,335.0,273.0,339.0,36.0,376.0,21.0,259.0,0.0,329.0,46.0,25.0,329.0,65.0,0.0,318.0,91.0,340.0,340.0,216.0,24.0,0.0,20.0,0.0,296.0,32.0,130.0,259.0,0.0,0.0,55.0,36.0,285.0,46.0,0.0,0.0,319.0,72.0,246.0,42.0,304.0,114.0,259.0,362.0,25.0,21.0,46.0,370.0,25.0,52.0,130.0,48.0,381.0,349.0,265.0,312.0,266.0,72.0,72.0,0.0,281.0,268.0,22.0,372.0,265.0,366.0,43.0,296.0,326.0,25.0,259.0,352.0,46.0,0.0,46.0
48.0,169.0,0.0,45.0,348.0,419.0,24.0,215.0,198.0,198.0,350.0,38.0,327.0,42.0,259.0,20.0,249.0,0.0,344.0,40.0,306.0,0.0,0.0,306.0,31.0,0.0,284.0,23.0,30.0,348.0,357.0,23.0,49.0,45.0,52.0,169.0,58.0,0.0,20.0,40.0,0.0,97.0,20.0,280.0,0.0,30.0,43.0,280.0,0.0,260.0,55.0,347.0,316.0,321.0,231.0,0.0,52.0,0.0,207.0,0.0,37.0,71.0,32.0,211.0,327.0,52.0,203.0,323.0,0.0,0.0,169.0,259.0,334.0,112.0,263.0,169.0,240.0,52.0,262.0,266.0,0.0,359.0,348.0,0.0,0.0,41.0
89.0,145.0,51.0,49.0,24.0,24.0,154.0,218.0,0.0,38.0,0.0,270.0,353.0,37.0,0.0,0.0,338.0,149.0,0.0,57.0,300.0,58.0,31.0,300.0,227.0,44.0,251.0,65.0,34.0,304.0,20.0,269.0,0.0,49.0,122.0,316.0,245.0,173.0,31.0,57.0,44.0,34.0,69.0,261.0,58.0,208.0,44.0,256.0,51.0,389.0,23.0,262.0,0.0,255.0,24.0,31.0,34.0,58.0,384.0,254.0,34.0,48.0,154.0,259.0,268.0,0.0,248.0,418.0,51.0,51.0,145.0,388.0,0.0,48.0,261.0,145.0,324.0,122.0,312.0,24.0,46.0,0.0,38.0,51.0,44.0,51.0
0.0,22.0,0.0,0.0,89.0,89.0,0.0,0.0,39.0,39.0,65.0,0.0,0.0,35.0,0.0,0.0,0.0,153.0,0.0,0.0,22.0,43.0,38.0,22.0,0.0,51.0,0.0,41.0,0.0,0.0,0.0,0.0,0.0,0.0,0.0,0.0,0.0,306.0,22.0,0.0,0.0,0.0,0.0,0.0,43.0,0.0,0.0,0.0,0.0,0.0,121.0,0.0,73.0,0.0,89.0,38.0,0.0,41.0,0.0,38.0,0.0,55.0,0.0,0.0,0.0,22.0,0.0,0.0,0.0,0.0,22.0,0.0,0.0,0.0,0.0,22.0,0.0,0.0,0.0,89.0,57.0,53.0,79.0,43.0,0.0,43.0
0.0,0.0,0.0,0.0,0.0,0.0,0.0,87.0,0.0,0.0,0.0,0.0,0.0,0.0,0.0,0.0,31.0,33.0,0.0,0.0,43.0,0.0,128.0,43.0,0.0,0.0,0.0,22.0,0.0,0.0,0.0,0.0,0.0,0.0,22.0,73.0,0.0,0.0,0.0,0.0,0.0,129.0,0.0,0.0,0.0,0.0,0.0,0.0,0.0,0.0,0.0,0.0,21.0,0.0,0.0,128.0,0.0,0.0,70.0,128.0,0.0,0.0,0.0,57.0,0.0,0.0,85.0,0.0,0.0,0.0,0.0,0.0,0.0,0.0,0.0,0.0,0.0,22.0,42.0,35.0,0.0,0.0,0.0,0.0,0.0,0.0
0.0,0.0,0.0,0.0,0.0,0.0,0.0,0.0,0.0,0.0,0.0,0.0,0.0,46.0,0.0,0.0,0.0,54.0,0.0,104.0,0.0,23.0,0.0,0.0,0.0,0.0,0.0,21.0,129.0,0.0,0.0,0.0,0.0,0.0,0.0,0.0,0.0,0.0,125.0,104.0,0.0,31.0,0.0,0.0,23.0,129.0,0.0,0.0,0.0,0.0,0.0,0.0,0.0,0.0,0.0,0.0,0.0,23.0,0.0,0.0,0.0,0.0,0.0,0.0,0.0,32.0,0.0,0.0,0.0,0.0,0.0,0.0,0.0,0.0,0.0,0.0,0.0,0.0,0.0,0.0,0.0,0.0,0.0,23.0,0.0,21.0
0.0,0.0,0.0,0.0,0.0,0.0,0.0,0.0,0.0,0.0,0.0,0.0,0.0,0.0,0.0,0.0,0.0,0.0,0.0,0.0,0.0,0.0,0.0,0.0,0.0,0.0,0.0,0.0,0.0,0.0,0.0,0.0,0.0,0.0,0.0,0.0,0.0,0.0,0.0,0.0,0.0,0.0,0.0,0.0,0.0,0.0,0.0,0.0,0.0,0.0,0.0,0.0,0.0,0.0,0.0,0.0,0.0,0.0,0.0,0.0,0.0,0.0,0.0,0.0,0.0,0.0,0.0,0.0,0.0,0.0,0.0,0.0,0.0,0.0,0.0,0.0,0.0,0.0,0.0,0.0,0.0,0.0,0.0,0.0,0.0,0.0
0.0,336.0,0.0,0.0,0.0,0.0,0.0,0.0,0.0,0.0,0.0,0.0,0.0,0.0,0.0,0.0,0.0,0.0,0.0,0.0,0.0,0.0,0.0,0.0,0.0,0.0,0.0,0.0,0.0,0.0,0.0,0.0,0.0,0.0,0.0,0.0,0.0,0.0,0.0,22.0,0.0,0.0,0.0,0.0,0.0,22.0,0.0,0.0,0.0,0.0,0.0,0.0,0.0,0.0,0.0,0.0,0.0,0.0,0.0,0.0,0.0,0.0,0.0,0.0,0.0,0.0,0.0,0.0,0.0,0.0,336.0,0.0,83.0,0.0,0.0,0.0,0.0,0.0,0.0,0.0,0.0,0.0,0.0,0.0,0.0,0.0
0.0,0.0,0.0,22.0,20.0,20.0,0.0,0.0,0.0,0.0,0.0,0.0,0.0,0.0,0.0,0.0,0.0,365.0,0.0,0.0,0.0,0.0,0.0,0.0,0.0,0.0,0.0,0.0,0.0,0.0,23.0,0.0,0.0,22.0,0.0,0.0,0.0,0.0,0.0,0.0,0.0,0.0,0.0,0.0,0.0,0.0,0.0,0.0,0.0,0.0,0.0,0.0,0.0,0.0,20.0,0.0,24.0,0.0,0.0,0.0,0.0,0.0,0.0,0.0,0.0,0.0,0.0,0.0,0.0,0.0,0.0,0.0,0.0,78.0,0.0,0.0,0.0,0.0,0.0,0.0,0.0,0.0,20.0,0.0,0.0,0.0
0.0,0.0,0.0,0.0,0.0,0.0,0.0,0.0,0.0,0.0,0.0,0.0,0.0,0.0,0.0,0.0,0.0,0.0,0.0,0.0,0.0,0.0,0.0,0.0,0.0,0.0,0.0,0.0,0.0,0.0,0.0,0.0,0.0,0.0,0.0,0.0,0.0,0.0,0.0,0.0,0.0,0.0,0.0,0.0,0.0,0.0,0.0,0.0,0.0,0.0,0.0,0.0,0.0,0.0,0.0,0.0,0.0,0.0,0.0,0.0,0.0,0.0,0.0,0.0,0.0,0.0,0.0,0.0,0.0,0.0,0.0,0.0,0.0,0.0,0.0,0.0,0.0,0.0,0.0,0.0,0.0,0.0,0.0,0.0,0.0,0.0
0.0,0.0,0.0,0.0,0.0,0.0,0.0,0.0,0.0,0.0,0.0,0.0,0.0,0.0,0.0,0.0,0.0,0.0,0.0,0.0,0.0,273.0,0.0,0.0,0.0,0.0,0.0,0.0,0.0,0.0,0.0,0.0,0.0,0.0,0.0,0.0,0.0,0.0,80.0,0.0,0.0,0.0,0.0,0.0,191.0,0.0,0.0,0.0,0.0,0.0,0.0,0.0,0.0,0.0,0.0,0.0,0.0,191.0,0.0,0.0,0.0,0.0,0.0,0.0,0.0,0.0,0.0,0.0,0.0,0.0,0.0,0.0,0.0,0.0,0.0,0.0,0.0,0.0,0.0,0.0,0.0,0.0,0.0,273.0,0.0,273.0
0.0,0.0,0.0,0.0,0.0,0.0,0.0,0.0,0.0,0.0,0.0,0.0,0.0,0.0,0.0,0.0,0.0,0.0,0.0,0.0,0.0,0.0,0.0,0.0,0.0,0.0,0.0,0.0,0.0,0.0,0.0,0.0,0.0,0.0,0.0,0.0,0.0,0.0,0.0,0.0,0.0,0.0,0.0,0.0,0.0,0.0,0.0,0.0,0.0,0.0,0.0,0.0,0.0,0.0,0.0,0.0,0.0,0.0,0.0,0.0,0.0,0.0,0.0,0.0,0.0,0.0,0.0,0.0,0.0,0.0,0.0,0.0,0.0,0.0,0.0,0.0,0.0,0.0,0.0,0.0,0.0,0.0,0.0,0.0,0.0,0.0
20.0,0.0,0.0,23.0,0.0,0.0,0.0,0.0,0.0,0.0,0.0,0.0,0.0,0.0,0.0,0.0,0.0,0.0,0.0,0.0,0.0,0.0,0.0,0.0,0.0,0.0,0.0,0.0,0.0,0.0,0.0,0.0,0.0,23.0,0.0,0.0,0.0,0.0,0.0,0.0,0.0,0.0,0.0,0.0,0.0,0.0,0.0,0.0,0.0,0.0,0.0,0.0,0.0,0.0,0.0,0.0,0.0,0.0,0.0,0.0,0.0,0.0,0.0,0.0,0.0,0.0,0.0,0.0,0.0,0.0,0.0,0.0,0.0,20.0,0.0,0.0,0.0,0.0,0.0,0.0,0.0,0.0,0.0,0.0,0.0,0.0
21.0,0.0,0.0,23.0,0.0,0.0,0.0,0.0,0.0,0.0,0.0,0.0,0.0,0.0,0.0,0.0,0.0,0.0,0.0,70.0,0.0,0.0,20.0,0.0,0.0,0.0,0.0,0.0,0.0,0.0,0.0,0.0,0.0,0.0,0.0,0.0,0.0,0.0,0.0,70.0,0.0,0.0,0.0,0.0,0.0,0.0,0.0,0.0,0.0,0.0,0.0,0.0,0.0,0.0,0.0,20.0,0.0,0.0,0.0,0.0,0.0,0.0,0.0,0.0,0.0,0.0,0.0,0.0,0.0,0.0,0.0,0.0,0.0,0.0,0.0,0.0,0.0,0.0,0.0,0.0,0.0,0.0,0.0,0.0,0.0,0.0
21.0,0.0,0.0,20.0,0.0,0.0,0.0,20.0,0.0,0.0,0.0,0.0,0.0,0.0,49.0,20.0,0.0,0.0,49.0,0.0,0.0,0.0,0.0,0.0,0.0,0.0,0.0,0.0,0.0,0.0,0.0,0.0,0.0,0.0,0.0,0.0,0.0,0.0,0.0,0.0,0.0,0.0,20.0,0.0,0.0,0.0,0.0,0.0,0.0,0.0,0.0,0.0,0.0,0.0,0.0,0.0,0.0,0.0,0.0,0.0,0.0,21.0,0.0,0.0,0.0,0.0,0.0,0.0,0.0,0.0,0.0,0.0,0.0,21.0,0.0,0.0,0.0,0.0,0.0,0.0,0.0,0.0,0.0,0.0,0.0,0.0
20.0,0.0,0.0,0.0,0.0,0.0,0.0,0.0,0.0,0.0,0.0,0.0,0.0,0.0,0.0,0.0,0.0,0.0,0.0,0.0,0.0,51.0,0.0,0.0,0.0,0.0,0.0,0.0,0.0,0.0,0.0,0.0,0.0,0.0,0.0,0.0,0.0,0.0,0.0,0.0,0.0,0.0,0.0,0.0,51.0,0.0,0.0,0.0,0.0,0.0,0.0,0.0,0.0,0.0,0.0,0.0,0.0,51.0,0.0,0.0,0.0,0.0,0.0,0.0,0.0,0.0,0.0,0.0,0.0,0.0,0.0,0.0,0.0,0.0,0.0,0.0,0.0,0.0,0.0,0.0,0.0,0.0,0.0,51.0,0.0,51.0
0.0,0.0,0.0,0.0,0.0,0.0,0.0,0.0,0.0,0.0,0.0,0.0,0.0,0.0,0.0,0.0,0.0,0.0,0.0,0.0,0.0,0.0,20.0,0.0,0.0,0.0,0.0,0.0,0.0,0.0,0.0,0.0,0.0,0.0,0.0,0.0,22.0,0.0,0.0,0.0,0.0,0.0,0.0,0.0,0.0,0.0,0.0,0.0,0.0,0.0,0.0,0.0,0.0,0.0,0.0,0.0,0.0,0.0,0.0,0.0,0.0,0.0,0.0,0.0,0.0,0.0,0.0,0.0,0.0,0.0,0.0,0.0,0.0,0.0,0.0,0.0,0.0,0.0,0.0,0.0,0.0,0.0,0.0,0.0,0.0,0.0
0.0,0.0,0.0,0.0,0.0,0.0,0.0,0.0,0.0,0.0,0.0,0.0,0.0,0.0,0.0,0.0,0.0,0.0,0.0,0.0,0.0,0.0,0.0,0.0,0.0,0.0,0.0,0.0,0.0,0.0,0.0,0.0,0.0,0.0,0.0,0.0,0.0,0.0,0.0,0.0,0.0,0.0,0.0,0.0,0.0,0.0,0.0,0.0,0.0,0.0,0.0,0.0,0.0,0.0,0.0,0.0,0.0,0.0,0.0,0.0,0.0,0.0,0.0,0.0,0.0,0.0,0.0,0.0,0.0,0.0,0.0,0.0,0.0,208.0,0.0,0.0,0.0,0.0,0.0,0.0,0.0,0.0,0.0,0.0,0.0,0.0
0.0,0.0,0.0,0.0,0.0,0.0,0.0,0.0,0.0,0.0,0.0,0.0,0.0,0.0,0.0,0.0,0.0,0.0,0.0,0.0,0.0,0.0,0.0,0.0,0.0,0.0,0.0,0.0,0.0,0.0,0.0,0.0,0.0,0.0,0.0,0.0,0.0,0.0,0.0,0.0,0.0,0.0,0.0,0.0,0.0,0.0,0.0,0.0,0.0,0.0,0.0,0.0,0.0,0.0,0.0,0.0,20.0,0.0,0.0,0.0,0.0,0.0,0.0,0.0,0.0,0.0,0.0,0.0,0.0,0.0,0.0,0.0,0.0,0.0,0.0,0.0,0.0,0.0,0.0,0.0,0.0,0.0,0.0,0.0,0.0,0.0
0.0,182.0,0.0,0.0,0.0,0.0,0.0,0.0,0.0,0.0,0.0,0.0,0.0,65.0,0.0,0.0,0.0,24.0,0.0,0.0,0.0,38.0,111.0,0.0,0.0,135.0,0.0,73.0,0.0,0.0,0.0,0.0,30.0,0.0,0.0,0.0,173.0,36.0,48.0,0.0,243.0,23.0,0.0,0.0,38.0,0.0,90.0,0.0,0.0,0.0,40.0,0.0,0.0,0.0,0.0,111.0,43.0,38.0,0.0,111.0,0.0,36.0,31.0,0.0,0.0,63.0,0.0,0.0,0.0,0.0,182.0,0.0,0.0,0.0,0.0,182.0,0.0,0.0,0.0,0.0,254.0,0.0,0.0,38.0,243.0,38.0
71.0,78.0,38.0,0.0,30.0,30.0,21.0,0.0,0.0,25.0,0.0,22.0,0.0,70.0,24.0,0.0,0.0,38.0,0.0,23.0,0.0,113.0,62.0,0.0,0.0,0.0,0.0,0.0,0.0,0.0,0.0,21.0,178.0,0.0,81.0,0.0,33.0,40.0,64.0,23.0,36.0,0.0,0.0,0.0,113.0,33.0,36.0,0.0,38.0,0.0,63.0,0.0,32.0,0.0,30.0,37.0,0.0,65.0,0.0,37.0,0.0,55.0,21.0,0.0,0.0,65.0,0.0,0.0,38.0,38.0,78.0,0.0,24.0,85.0,0.0,78.0,0.0,81.0,0.0,30.0,40.0,0.0,30.0,113.0,36.0,57.0
0.0,167.0,23.0,182.0,76.0,76.0,37.0,0.0,100.0,100.0,100.0,22.0,0.0,79.0,30.0,42.0,0.0,49.0,30.0,62.0,0.0,36.0,260.0,0.0,0.0,52.0,0.0,54.0,37.0,31.0,24.0,0.0,50.0,38.0,22.0,0.0,52.0,30.0,70.0,32.0,55.0,50.0,42.0,0.0,36.0,32.0,55.0,0.0,0.0,0.0,30.0,0.0,88.0,0.0,76.0,260.0,30.0,36.0,0.0,260.0,23.0,30.0,52.0,0.0,0.0,167.0,0.0,0.0,0.0,0.0,167.0,0.0,24.0,0.0,0.0,167.0,21.0,24.0,0.0,76.0,47.0,31.0,101.0,72.0,55.0,72.0
0.0,144.0,46.0,0.0,85.0,85.0,21.0,0.0,68.0,68.0,70.0,54.0,113.0,36.0,93.0,20.0,0.0,45.0,93.0,23.0,58.0,48.0,24.0,58.0,25.0,0.0,66.0,41.0,0.0,41.0,0.0,88.0,20.0,0.0,185.0,115.0,30.0,37.0,116.0,42.0,34.0,0.0,20.0,0.0,48.0,42.0,34.0,0.0,46.0,0.0,45.0,35.0,55.0,66.0,85.0,24.0,21.0,48.0,0.0,24.0,76.0,37.0,43.0,0.0,113.0,144.0,96.0,0.0,46.0,46.0,144.0,113.0,54.0,0.0,113.0,144.0,43.0,20.0,115.0,79.0,33.0,0.0,85.0,48.0,34.0,48.0
0.0,37.0,54.0,52.0,0.0,0.0,20.0,50.0,0.0,0.0,0.0,23.0,30.0,48.0,0.0,24.0,21.0,57.0,0.0,0.0,20.0,80.0,80.0,20.0,0.0,60.0,0.0,60.0,45.0,0.0,0.0,79.0,0.0,52.0,0.0,44.0,55.0,60.0,35.0,0.0,137.0,100.0,49.0,31.0,80.0,45.0,43.0,31.0,54.0,42.0,70.0,0.0,0.0,23.0,0.0,80.0,0.0,80.0,67.0,80.0,195.0,72.0,75.0,54.0,30.0,37.0,107.0,30.0,54.0,54.0,37.0,30.0,0.0,84.0,37.0,37.0,23.0,0.0,58.0,0.0,57.0,0.0,0.0,80.0,137.0,83.0
0.0,0.0,0.0,0.0,0.0,0.0,0.0,0.0,0.0,0.0,0.0,0.0,0.0,0.0,0.0,0.0,0.0,0.0,0.0,0.0,0.0,0.0,0.0,0.0,0.0,0.0,0.0,0.0,0.0,0.0,0.0,0.0,0.0,0.0,0.0,0.0,0.0,0.0,0.0,0.0,0.0,0.0,0.0,0.0,0.0,0.0,0.0,0.0,0.0,0.0,0.0,0.0,0.0,0.0,0.0,0.0,0.0,0.0,0.0,0.0,0.0,0.0,0.0,0.0,0.0,0.0,0.0,0.0,0.0,0.0,0.0,0.0,0.0,0.0,0.0,0.0,0.0,0.0,0.0,0.0,0.0,0.0,0.0,0.0,0.0,0.0
0.0,0.0,0.0,0.0,0.0,0.0,0.0,0.0,0.0,0.0,0.0,0.0,0.0,0.0,0.0,0.0,0.0,0.0,0.0,0.0,0.0,0.0,0.0,0.0,0.0,0.0,0.0,0.0,0.0,0.0,0.0,0.0,0.0,0.0,0.0,0.0,0.0,0.0,0.0,0.0,0.0,0.0,0.0,0.0,0.0,0.0,0.0,0.0,0.0,0.0,0.0,0.0,0.0,0.0,0.0,0.0,0.0,0.0,0.0,0.0,0.0,0.0,0.0,0.0,0.0,0.0,0.0,0.0,0.0,0.0,0.0,0.0,0.0,0.0,0.0,0.0,0.0,0.0,0.0,0.0,0.0,0.0,0.0,0.0,0.0,0.0
59.0,421.0,0.0,0.0,113.0,113.0,0.0,0.0,51.0,51.0,25.0,0.0,0.0,421.0,32.0,54.0,0.0,0.0,32.0,42.0,0.0,0.0,0.0,0.0,0.0,0.0,0.0,0.0,41.0,0.0,25.0,0.0,30.0,0.0,46.0,0.0,0.0,0.0,0.0,30.0,129.0,46.0,54.0,0.0,0.0,30.0,33.0,0.0,0.0,0.0,0.0,0.0,37.0,0.0,113.0,0.0,62.0,0.0,0.0,0.0,0.0,0.0,0.0,0.0,0.0,421.0,0.0,0.0,0.0,0.0,421.0,0.0,22.0,59.0,0.0,421.0,0.0,46.0,0.0,63.0,0.0,45.0,113.0,0.0,129.0,0.0
255.0,231.0,31.0,0.0,54.0,54.0,76.0,71.0,53.0,90.0,53.0,52.0,58.0,260.0,34.0,168.0,57.0,52.0,46.0,45.0,24.0,55.0,48.0,24.0,39.0,34.0,33.0,34.0,45.0,24.0,31.0,62.0,215.0,0.0,57.0,43.0,76.0,52.0,81.0,45.0,68.0,164.0,263.0,52.0,55.0,45.0,20.0,52.0,31.0,63.0,69.0,20.0,23.0,55.0,54.0,49.0,24.0,55.0,49.0,49.0,58.0,72.0,76.0,57.0,58.0,231.0,23.0,58.0,31.0,31.0,231.0,45.0,34.0,23.0,45.0,231.0,24.0,57.0,24.0,61.0,34.0,34.0,54.0,55.0,68.0,49.0
22.0,22.0,35.0,22.0,65.0,65.0,37.0,20.0,64.0,43.0,64.0,31.0,20.0,37.0,51.0,419.0,21.0,40.0,51.0,33.0,106.0,0.0,111.0,106.0,0.0,60.0,0.0,209.0,158.0,52.0,0.0,0.0,309.0,64.0,160.0,22.0,43.0,111.0,37.0,33.0,82.0,158.0,419.0,31.0,0.0,187.0,82.0,31.0,0.0,21.0,35.0,0.0,73.0,21.0,65.0,111.0,269.0,0.0,0.0,30.0,48.0,111.0,43.0,21.0,20.0,30.0,34.0,20.0,0.0,0.0,22.0,30.0,23.0,23.0,30.0,22.0,61.0,160.0,22.0,65.0,63.0,42.0,43.0,35.0,82.0,35.0
30.0,37.0,369.0,0.0,0.0,0.0,344.0,0.0,0.0,0.0,0.0,74.0,37.0,37.0,0.0,25.0,81.0,220.0,0.0,41.0,23.0,63.0,93.0,23.0,43.0,63.0,0.0,41.0,137.0,42.0,38.0,62.0,0.0,0.0,39.0,37.0,384.0,0.0,30.0,167.0,183.0,137.0,25.0,84.0,63.0,167.0,77.0,84.0,74.0,81.0,60.0,70.0,0.0,0.0,0.0,93.0,40.0,63.0,74.0,93.0,367.0,0.0,357.0,0.0,37.0,37.0,0.0,98.0,369.0,369.0,37.0,37.0,0.0,30.0,37.0,37.0,48.0,96.0,37.0,0.0,22.0,0.0,0.0,63.0,183.0,63.0
322.0,169.0,0.0,85.0,0.0,0.0,62.0,0.0,0.0,0.0,0.0,73.0,34.0,90.0,0.0,87.0,64.0,39.0,0.0,93.0,0.0,223.0,82.0,0.0,44.0,39.0,0.0,31.0,118.0,0.0,20.0,42.0,82.0,85.0,46.0,0.0,42.0,31.0,126.0,39.0,58.0,0.0,87.0,91.0,223.0,39.0,56.0,91.0,0.0,86.0,42.0,0.0,64.0,31.0,0.0,82.0,55.0,223.0,77.0,82.0,0.0,31.0,52.0,0.0,34.0,90.0,34.0,34.0,0.0,0.0,169.0,34.0,0.0,0.0,34.0,169.0,0.0,46.0,0.0,33.0,0.0,48.0,0.0,223.0,58.0,223.0
0.0,505.0,84.0,120.0,242.0,242.0,72.0,31.0,242.0,242.0,242.0,33.0,23.0,38.0,242.0,31.0,0.0,76.0,242.0,37.0,45.0,81.0,56.0,45.0,36.0,72.0,23.0,30.0,37.0,71.0,0.0,122.0,43.0,120.0,43.0,66.0,57.0,67.0,38.0,37.0,45.0,37.0,48.0,44.0,81.0,37.0,505.0,44.0,84.0,0.0,57.0,0.0,242.0,20.0,242.0,57.0,80.0,81.0,46.0,57.0,71.0,67.0,72.0,43.0,23.0,505.0,39.0,23.0,84.0,84.0,505.0,57.0,242.0,49.0,57.0,505.0,23.0,43.0,47.0,242.0,0.0,0.0,242.0,81.0,45.0,134.0
55.0,230.0,242.0,46.0,0.0,0.0,242.0,242.0,0.0,0.0,0.0,242.0,242.0,242.0,0.0,50.0,242.0,242.0,0.0,97.0,242.0,242.0,242.0,242.0,242.0,242.0,242.0,242.0,138.0,242.0,0.0,242.0,54.0,24.0,63.0,242.0,242.0,242.0,242.0,97.0,223.0,138.0,50.0,242.0,242.0,97.0,223.0,242.0,242.0,242.0,242.0,242.0,0.0,242.0,0.0,242.0,0.0,242.0,242.0,242.0,242.0,242.0,242.0,242.0,242.0,230.0,242.0,242.0,242.0,242.0,230.0,242.0,0.0,55.0,242.0,230.0,242.0,49.0,242.0,0.0,242.0,0.0,22.0,242.0,223.0,242.0
167.0,22.0,115.0,63.0,0.0,0.0,119.0,0.0,0.0,0.0,0.0,40.0,0.0,232.0,0.0,46.0,0.0,22.0,0.0,83.0,0.0,41.0,213.0,0.0,0.0,22.0,0.0,22.0,54.0,0.0,23.0,54.0,36.0,63.0,37.0,0.0,108.0,30.0,243.0,23.0,22.0,49.0,46.0,22.0,41.0,23.0,22.0,23.0,115.0,0.0,209.0,0.0,0.0,0.0,0.0,213.0,249.0,41.0,0.0,213.0,55.0,30.0,119.0,0.0,0.0,147.0,0.0,22.0,115.0,115.0,22.0,0.0,0.0,167.0,0.0,147.0,0.0,104.0,0.0,0.0,30.0,261.0,0.0,41.0,22.0,41.0
113.0,74.0,92.0,113.0,77.0,77.0,37.0,255.0,31.0,31.0,31.0,43.0,257.0,134.0,0.0,190.0,259.0,186.0,0.0,195.0,0.0,71.0,39.0,0.0,0.0,71.0,58.0,85.0,147.0,0.0,90.0,0.0,60.0,113.0,96.0,128.0,70.0,58.0,134.0,195.0,74.0,147.0,30.0,256.0,71.0,147.0,74.0,256.0,92.0,259.0,243.0,33.0,0.0,65.0,77.0,39.0,124.0,71.0,260.0,39.0,194.0,58.0,51.0,256.0,257.0,24.0,0.0,257.0,92.0,92.0,74.0,257.0,0.0,176.0,63.0,74.0,0.0,96.0,254.0,24.0,31.0,45.0,77.0,71.0,74.0,133.0
272.0,57.0,91.0,272.0,20.0,20.0,72.0,66.0,0.0,0.0,0.0,72.0,35.0,0.0,0.0,43.0,0.0,25.0,0.0,52.0,21.0,69.0,75.0,21.0,20.0,41.0,21.0,24.0,49.0,0.0,41.0,109.0,49.0,272.0,238.0,65.0,72.0,110.0,0.0,52.0,57.0,49.0,54.0,36.0,69.0,49.0,57.0,36.0,91.0,0.0,75.0,57.0,30.0,30.0,20.0,75.0,64.0,69.0,39.0,75.0,77.0,110.0,72.0,83.0,35.0,187.0,42.0,35.0,91.0,91.0,57.0,33.0,34.0,20.0,33.0,57.0,0.0,238.0,65.0,20.0,24.0,56.0,0.0,69.0,57.0,69.0
57.0,66.0,82.0,0.0,84.0,84.0,96.0,33.0,24.0,24.0,24.0,61.0,32.0,66.0,51.0,59.0,23.0,85.0,51.0,149.0,71.0,239.0,48.0,71.0,76.0,205.0,24.0,60.0,112.0,49.0,0.0,76.0,92.0,54.0,57.0,39.0,77.0,48.0,63.0,38.0,110.0,50.0,59.0,0.0,205.0,38.0,110.0,0.0,0.0,23.0,177.0,0.0,60.0,41.0,84.0,48.0,76.0,205.0,23.0,48.0,40.0,62.0,77.0,37.0,32.0,66.0,20.0,32.0,0.0,0.0,66.0,0.0,45.0,57.0,0.0,66.0,23.0,166.0,39.0,84.0,60.0,50.0,137.0,239.0,110.0,239.0
142.0,86.0,59.0,181.0,41.0,41.0,51.0,41.0,41.0,41.0,34.0,0.0,46.0,108.0,0.0,0.0,51.0,75.0,0.0,97.0,42.0,86.0,0.0,42.0,0.0,83.0,50.0,71.0,187.0,48.0,30.0,81.0,96.0,181.0,142.0,32.0,57.0,101.0,85.0,50.0,101.0,75.0,0.0,35.0,86.0,50.0,101.0,35.0,59.0,51.0,33.0,34.0,59.0,50.0,41.0,0.0,92.0,86.0,35.0,0.0,35.0,101.0,57.0,36.0,46.0,34.0,49.0,35.0,59.0,59.0,86.0,46.0,0.0,142.0,46.0,86.0,0.0,142.0,32.0,56.0,40.0,112.0,41.0,86.0,101.0,86.0
70.0,96.0,0.0,79.0,111.0,111.0,0.0,23.0,85.0,56.0,85.0,0.0,31.0,172.0,40.0,79.0,33.0,0.0,20.0,101.0,60.0,102.0,0.0,60.0,52.0,0.0,22.0,0.0,118.0,71.0,102.0,0.0,83.0,79.0,83.0,0.0,0.0,0.0,68.0,101.0,85.0,80.0,83.0,31.0,102.0,118.0,85.0,31.0,0.0,100.0,0.0,0.0,39.0,21.0,111.0,0.0,111.0,102.0,35.0,0.0,0.0,0.0,0.0,79.0,31.0,98.0,83.0,31.0,0.0,0.0,96.0,31.0,40.0,70.0,39.0,96.0,71.0,83.0,0.0,119.0,0.0,109.0,111.0,102.0,85.0,102.0
83.0,79.0,83.0,98.0,38.0,38.0,92.0,67.0,62.0,67.0,62.0,70.0,39.0,65.0,63.0,128.0,0.0,222.0,63.0,76.0,48.0,87.0,91.0,48.0,65.0,88.0,42.0,94.0,79.0,62.0,63.0,65.0,85.0,105.0,60.0,100.0,92.0,52.0,65.0,76.0,72.0,79.0,128.0,70.0,87.0,79.0,72.0,70.0,79.0,0.0,207.0,104.0,23.0,63.0,38.0,91.0,68.0,87.0,0.0,82.0,77.0,52.0,92.0,108.0,39.0,65.0,65.0,39.0,79.0,79.0,79.0,48.0,42.0,176.0,48.0,79.0,34.0,60.0,100.0,38.0,83.0,33.0,67.0,75.0,72.0,75.0
32.0,32.0,110.0,32.0,32.0,32.0,52.0,49.0,32.0,32.0,32.0,51.0,35.0,32.0,32.0,32.0,37.0,148.0,32.0,32.0,123.0,40.0,53.0,123.0,76.0,50.0,21.0,46.0,32.0,118.0,32.0,76.0,32.0,32.0,32.0,35.0,53.0,53.0,32.0,32.0,32.0,32.0,32.0,37.0,40.0,32.0,32.0,37.0,51.0,37.0,69.0,23.0,32.0,21.0,32.0,53.0,32.0,90.0,36.0,53.0,52.0,79.0,53.0,48.0,0.0,32.0,41.0,35.0,110.0,110.0,32.0,0.0,32.0,32.0,0.0,32.0,83.0,32.0,35.0,32.0,34.0,32.0,32.0,40.0,32.0,40.0
35.0,32.0,32.0,40.0,33.0,33.0,32.0,32.0,33.0,33.0,32.0,32.0,32.0,32.0,24.0,54.0,32.0,32.0,24.0,32.0,32.0,32.0,32.0,32.0,32.0,32.0,32.0,32.0,32.0,32.0,54.0,32.0,62.0,40.0,32.0,32.0,32.0,32.0,32.0,32.0,32.0,32.0,54.0,32.0,32.0,32.0,32.0,32.0,32.0,32.0,32.0,32.0,81.0,32.0,33.0,32.0,65.0,32.0,32.0,32.0,32.0,32.0,32.0,32.0,32.0,32.0,32.0,32.0,32.0,32.0,32.0,32.0,36.0,35.0,32.0,32.0,32.0,32.0,32.0,53.0,32.0,67.0,33.0,32.0,32.0,32.0
148.0,57.0,84.0,100.0,30.0,30.0,81.0,58.0,137.0,119.0,137.0,92.0,39.0,57.0,52.0,80.0,60.0,60.0,105.0,197.0,20.0,50.0,155.0,20.0,82.0,143.0,20.0,52.0,34.0,30.0,45.0,79.0,65.0,100.0,44.0,51.0,58.0,155.0,57.0,197.0,57.0,34.0,85.0,45.0,50.0,34.0,57.0,45.0,84.0,60.0,58.0,31.0,65.0,0.0,30.0,58.0,25.0,50.0,46.0,58.0,82.0,165.0,81.0,68.0,39.0,57.0,92.0,39.0,84.0,84.0,57.0,39.0,52.0,101.0,39.0,57.0,30.0,44.0,48.0,67.0,165.0,33.0,30.0,50.0,57.0,50.0
394.0,39.0,80.0,394.0,41.0,41.0,34.0,0.0,76.0,68.0,76.0,80.0,0.0,39.0,51.0,76.0,0.0,77.0,51.0,39.0,112.0,44.0,51.0,112.0,111.0,77.0,20.0,89.0,47.0,59.0,0.0,111.0,52.0,394.0,394.0,0.0,83.0,51.0,47.0,39.0,80.0,65.0,76.0,0.0,44.0,39.0,80.0,0.0,80.0,0.0,52.0,23.0,94.0,42.0,41.0,51.0,65.0,44.0,0.0,52.0,50.0,78.0,83.0,0.0,0.0,39.0,0.0,0.0,80.0,80.0,39.0,0.0,54.0,394.0,0.0,39.0,22.0,65.0,0.0,41.0,46.0,30.0,68.0,44.0,80.0,44.0
20.0,39.0,88.0,63.0,61.0,66.0,204.0,42.0,70.0,70.0,67.0,72.0,39.0,55.0,37.0,74.0,34.0,73.0,37.0,56.0,57.0,56.0,204.0,57.0,80.0,210.0,20.0,61.0,270.0,71.0,73.0,59.0,66.0,63.0,55.0,84.0,204.0,52.0,49.0,270.0,56.0,135.0,74.0,31.0,56.0,270.0,39.0,24.0,88.0,34.0,204.0,23.0,87.0,20.0,66.0,204.0,77.0,65.0,37.0,204.0,91.0,52.0,204.0,43.0,39.0,39.0,145.0,31.0,88.0,88.0,39.0,39.0,55.0,20.0,39.0,39.0,58.0,55.0,84.0,66.0,68.0,36.0,61.0,56.0,56.0,56.0
37.0,133.0,68.0,30.0,86.0,86.0,64.0,21.0,86.0,86.0,73.0,85.0,88.0,40.0,65.0,34.0,82.0,36.0,65.0,52.0,34.0,134.0,0.0,34.0,133.0,134.0,66.0,43.0,46.0,38.0,31.0,112.0,30.0,30.0,46.0,0.0,80.0,0.0,40.0,42.0,51.0,46.0,30.0,51.0,134.0,46.0,51.0,51.0,68.0,89.0,80.0,40.0,30.0,169.0,86.0,0.0,48.0,134.0,64.0,0.0,142.0,0.0,71.0,22.0,88.0,40.0,33.0,88.0,68.0,68.0,133.0,88.0,31.0,42.0,88.0,133.0,31.0,46.0,31.0,0.0,40.0,25.0,86.0,134.0,51.0,134.0
43.0,41.0,0.0,43.0,158.0,158.0,103.0,36.0,256.0,264.0,256.0,0.0,25.0,164.0,265.0,45.0,20.0,40.0,253.0,54.0,0.0,49.0,51.0,0.0,83.0,41.0,21.0,82.0,45.0,100.0,34.0,57.0,64.0,43.0,80.0,36.0,103.0,65.0,57.0,54.0,89.0,45.0,123.0,34.0,49.0,45.0,89.0,34.0,0.0,20.0,51.0,0.0,91.0,0.0,158.0,51.0,95.0,49.0,21.0,51.0,40.0,70.0,103.0,31.0,25.0,164.0,32.0,25.0,0.0,0.0,41.0,20.0,61.0,67.0,20.0,41.0,61.0,80.0,39.0,158.0,53.0,173.0,158.0,49.0,89.0,65.0
57.0,46.0,54.0,126.0,77.0,77.0,41.0,265.0,77.0,77.0,77.0,90.0,262.0,61.0,62.0,67.0,269.0,48.0,62.0,187.0,263.0,192.0,107.0,263.0,68.0,60.0,255.0,171.0,64.0,257.0,83.0,68.0,58.0,126.0,57.0,256.0,46.0,83.0,48.0,187.0,48.0,57.0,67.0,269.0,74.0,187.0,48.0,269.0,54.0,269.0,48.0,36.0,79.0,60.0,77.0,107.0,148.0,74.0,58.0,107.0,37.0,83.0,46.0,263.0,262.0,46.0,268.0,262.0,54.0,54.0,46.0,187.0,40.0,57.0,187.0,46.0,249.0,57.0,256.0,77.0,43.0,82.0,76.0,192.0,48.0,192.0
33.0,333.0,137.0,32.0,0.0,0.0,137.0,31.0,0.0,0.0,0.0,36.0,34.0,39.0,0.0,268.0,33.0,61.0,0.0,46.0,30.0,117.0,47.0,30.0,0.0,33.0,41.0,44.0,65.0,36.0,76.0,62.0,70.0,32.0,257.0,44.0,140.0,39.0,44.0,65.0,157.0,73.0,268.0,39.0,117.0,65.0,157.0,35.0,137.0,33.0,140.0,20.0,61.0,41.0,0.0,47.0,77.0,117.0,42.0,47.0,137.0,39.0,137.0,54.0,34.0,39.0,34.0,39.0,137.0,137.0,333.0,34.0,107.0,33.0,34.0,39.0,95.0,257.0,44.0,0.0,36.0,52.0,0.0,117.0,157.0,117.0
166.0,75.0,108.0,65.0,24.0,24.0,60.0,51.0,21.0,39.0,21.0,46.0,50.0,61.0,0.0,129.0,33.0,59.0,0.0,85.0,38.0,54.0,213.0,38.0,0.0,63.0,35.0,59.0,85.0,55.0,0.0,46.0,0.0,65.0,166.0,40.0,60.0,60.0,61.0,85.0,75.0,52.0,0.0,44.0,54.0,85.0,75.0,44.0,108.0,134.0,60.0,0.0,76.0,36.0,24.0,213.0,0.0,54.0,73.0,213.0,133.0,60.0,60.0,0.0,50.0,57.0,30.0,50.0,108.0,108.0,75.0,50.0,0.0,166.0,34.0,75.0,65.0,166.0,53.0,64.0,71.0,60.0,24.0,54.0,75.0,61.0
24.0,20.0,51.0,23.0,76.0,76.0,83.0,21.0,61.0,70.0,61.0,77.0,39.0,22.0,24.0,60.0,59.0,112.0,24.0,37.0,41.0,216.0,85.0,41.0,77.0,179.0,22.0,134.0,43.0,39.0,65.0,77.0,60.0,34.0,75.0,99.0,83.0,64.0,250.0,37.0,23.0,43.0,60.0,110.0,216.0,83.0,23.0,110.0,51.0,59.0,162.0,32.0,24.0,56.0,76.0,85.0,52.0,216.0,82.0,162.0,143.0,80.0,83.0,0.0,39.0,218.0,52.0,39.0,51.0,51.0,20.0,36.0,59.0,24.0,36.0,20.0,67.0,75.0,99.0,76.0,68.0,37.0,70.0,207.0,23.0,207.0
55.0,366.0,97.0,48.0,275.0,275.0,674.0,64.0,272.0,272.0,272.0,52.0,56.0,259.0,277.0,333.0,90.0,383.0,277.0,127.0,0.0,318.0,360.0,0.0,43.0,313.0,48.0,252.0,241.0,49.0,113.0,43.0,111.0,333.0,60.0,20.0,491.0,215.0,355.0,127.0,337.0,241.0,333.0,64.0,318.0,127.0,338.0,64.0,46.0,90.0,569.0,37.0,271.0,106.0,275.0,431.0,197.0,361.0,97.0,539.0,647.0,316.0,665.0,60.0,45.0,334.0,30.0,56.0,97.0,97.0,366.0,45.0,273.0,55.0,45.0,366.0,102.0,46.0,20.0,275.0,326.0,273.0,276.0,318.0,337.0,193.0
38.0,51.0,71.0,117.0,0.0,0.0,61.0,266.0,0.0,0.0,88.0,67.0,262.0,42.0,46.0,44.0,265.0,188.0,46.0,46.0,266.0,223.0,52.0,266.0,254.0,233.0,262.0,104.0,36.0,264.0,270.0,243.0,49.0,117.0,36.0,271.0,61.0,218.0,42.0,39.0,51.0,36.0,44.0,265.0,223.0,39.0,106.0,265.0,71.0,261.0,61.0,254.0,91.0,262.0,0.0,52.0,249.0,223.0,262.0,52.0,63.0,218.0,141.0,260.0,262.0,42.0,266.0,265.0,71.0,71.0,51.0,262.0,42.0,36.0,262.0,51.0,264.0,36.0,271.0,187.0,253.0,46.0,0.0,223.0,51.0,223.0
48.0,248.0,57.0,68.0,0.0,0.0,253.0,68.0,0.0,0.0,0.0,55.0,63.0,236.0,20.0,45.0,165.0,249.0,0.0,251.0,113.0,242.0,230.0,113.0,245.0,242.0,41.0,254.0,251.0,69.0,30.0,46.0,68.0,68.0,261.0,0.0,234.0,240.0,247.0,251.0,248.0,268.0,61.0,117.0,242.0,251.0,248.0,117.0,57.0,21.0,239.0,130.0,0.0,21.0,0.0,230.0,256.0,242.0,21.0,230.0,57.0,240.0,253.0,96.0,63.0,247.0,258.0,63.0,57.0,57.0,248.0,210.0,20.0,261.0,210.0,248.0,69.0,261.0,58.0,0.0,241.0,0.0,0.0,242.0,248.0,251.0
250.0,233.0,82.0,316.0,261.0,261.0,157.0,39.0,261.0,262.0,261.0,101.0,23.0,240.0,259.0,252.0,51.0,235.0,259.0,228.0,58.0,244.0,229.0,58.0,119.0,239.0,0.0,234.0,244.0,0.0,265.0,119.0,256.0,316.0,242.0,42.0,229.0,229.0,226.0,230.0,230.0,244.0,252.0,0.0,244.0,230.0,230.0,0.0,94.0,51.0,229.0,0.0,267.0,0.0,261.0,229.0,261.0,244.0,23.0,229.0,76.0,229.0,229.0,31.0,23.0,240.0,24.0,23.0,94.0,94.0,233.0,22.0,262.0,242.0,22.0,233.0,0.0,247.0,42.0,261.0,235.0,259.0,262.0,231.0,230.0,231.0
258.0,37.0,229.0,187.0,85.0,49.0,230.0,262.0,0.0,0.0,323.0,49.0,255.0,45.0,34.0,0.0,261.0,236.0,34.0,234.0,261.0,233.0,233.0,261.0,57.0,244.0,100.0,241.0,172.0,260.0,25.0,45.0,0.0,187.0,254.0,262.0,232.0,233.0,77.0,172.0,37.0,172.0,0.0,262.0,233.0,172.0,37.0,267.0,229.0,261.0,227.0,91.0,57.0,100.0,49.0,233.0,43.0,233.0,259.0,233.0,229.0,233.0,231.0,265.0,255.0,37.0,264.0,262.0,229.0,229.0,37.0,255.0,70.0,258.0,255.0,37.0,259.0,202.0,262.0,49.0,220.0,35.0,85.0,233.0,37.0,233.0
260.0,186.0,73.0,257.0,269.0,269.0,116.0,63.0,269.0,269.0,266.0,97.0,57.0,51.0,264.0,265.0,56.0,31.0,264.0,251.0,37.0,159.0,73.0,37.0,54.0,130.0,0.0,53.0,73.0,35.0,262.0,105.0,262.0,257.0,257.0,30.0,98.0,322.0,45.0,113.0,109.0,73.0,265.0,45.0,159.0,73.0,186.0,45.0,73.0,33.0,159.0,38.0,263.0,25.0,269.0,73.0,261.0,159.0,52.0,73.0,67.0,65.0,98.0,40.0,57.0,186.0,40.0,57.0,73.0,73.0,186.0,57.0,267.0,251.0,57.0,186.0,20.0,257.0,52.0,269.0,75.0,264.0,269.0,159.0,109.0,159.0
174.0,48.0,58.0,389.0,57.0,57.0,52.0,24.0,79.0,32.0,79.0,54.0,215.0,229.0,88.0,355.0,212.0,50.0,39.0,85.0,31.0,47.0,53.0,31.0,40.0,61.0,41.0,63.0,85.0,212.0,61.0,87.0,367.0,452.0,89.0,23.0,46.0,53.0,229.0,85.0,45.0,85.0,395.0,92.0,47.0,85.0,45.0,92.0,359.0,212.0,77.0,52.0,21.0,107.0,57.0,221.0,0.0,47.0,57.0,221.0,44.0,40.0,52.0,98.0,215.0,35.0,40.0,215.0,359.0,359.0,48.0,36.0,88.0,59.0,36.0,48.0,265.0,89.0,34.0,57.0,188.0,0.0,57.0,47.0,45.0,38.0
187.0,50.0,100.0,173.0,0.0,0.0,73.0,88.0,22.0,22.0,22.0,71.0,68.0,49.0,21.0,211.0,61.0,69.0,21.0,54.0,24.0,53.0,92.0,24.0,77.0,101.0,47.0,58.0,54.0,0.0,25.0,77.0,71.0,173.0,66.0,57.0,246.0,92.0,49.0,54.0,58.0,54.0,211.0,65.0,53.0,54.0,58.0,65.0,63.0,61.0,44.0,0.0,0.0,40.0,0.0,92.0,329.0,53.0,30.0,92.0,37.0,136.0,246.0,0.0,68.0,50.0,43.0,68.0,63.0,63.0,50.0,34.0,0.0,187.0,34.0,50.0,33.0,71.0,57.0,0.0,52.0,24.0,24.0,53.0,58.0,53.0
246.0,231.0,204.0,260.0,262.0,262.0,193.0,31.0,259.0,259.0,254.0,381.0,36.0,225.0,255.0,253.0,21.0,228.0,255.0,227.0,0.0,218.0,187.0,0.0,64.0,220.0,24.0,236.0,53.0,20.0,301.0,54.0,260.0,260.0,252.0,0.0,203.0,221.0,225.0,53.0,226.0,238.0,253.0,34.0,218.0,53.0,226.0,0.0,381.0,21.0,198.0,72.0,266.0,24.0,262.0,187.0,256.0,218.0,0.0,187.0,472.0,221.0,193.0,0.0,36.0,225.0,21.0,34.0,204.0,204.0,231.0,36.0,255.0,246.0,36.0,225.0,0.0,252.0,0.0,261.0,236.0,255.0,262.0,218.0,226.0,218.0
63.0,264.0,256.0,0.0,256.0,256.0,306.0,254.0,255.0,255.0,252.0,256.0,255.0,116.0,263.0,0.0,255.0,240.0,263.0,254.0,255.0,93.0,242.0,255.0,358.0,240.0,260.0,247.0,266.0,254.0,23.0,256.0,0.0,0.0,254.0,259.0,100.0,235.0,46.0,254.0,251.0,266.0,0.0,255.0,93.0,266.0,264.0,255.0,256.0,258.0,100.0,247.0,253.0,256.0,256.0,242.0,0.0,93.0,251.0,242.0,256.0,235.0,249.0,260.0,255.0,0.0,255.0,255.0,256.0,256.0,264.0,255.0,253.0,51.0,254.0,264.0,252.0,254.0,258.0,254.0,238.0,32.0,256.0,93.0,251.0,109.0
162.0,54.0,89.0,62.0,34.0,34.0,244.0,256.0,20.0,0.0,20.0,89.0,56.0,50.0,21.0,81.0,0.0,233.0,21.0,61.0,254.0,68.0,64.0,254.0,43.0,251.0,49.0,49.0,61.0,256.0,41.0,116.0,44.0,62.0,113.0,265.0,244.0,60.0,53.0,61.0,110.0,61.0,44.0,20.0,68.0,61.0,110.0,20.0,89.0,0.0,248.0,36.0,32.0,24.0,34.0,64.0,255.0,68.0,30.0,74.0,250.0,42.0,244.0,30.0,56.0,50.0,253.0,56.0,89.0,89.0,54.0,37.0,88.0,70.0,37.0,54.0,254.0,113.0,265.0,34.0,39.0,30.0,0.0,68.0,110.0,68.0
115.0,320.0,590.0,76.0,100.0,100.0,572.0,59.0,122.0,157.0,122.0,35.0,48.0,288.0,22.0,55.0,23.0,549.0,22.0,278.0,67.0,269.0,444.0,67.0,62.0,453.0,45.0,557.0,132.0,53.0,80.0,62.0,99.0,46.0,132.0,85.0,608.0,478.0,306.0,278.0,277.0,132.0,55.0,31.0,269.0,278.0,277.0,31.0,606.0,23.0,539.0,73.0,32.0,80.0,100.0,444.0,110.0,269.0,21.0,447.0,593.0,348.0,480.0,37.0,37.0,70.0,86.0,48.0,590.0,606.0,327.0,37.0,20.0,132.0,37.0,317.0,42.0,132.0,85.0,100.0,471.0,88.0,157.0,269.0,277.0,297.0
39.0,44.0,45.0,39.0,51.0,51.0,122.0,133.0,40.0,40.0,36.0,77.0,35.0,50.0,70.0,52.0,48.0,98.0,70.0,88.0,0.0,37.0,50.0,0.0,116.0,59.0,45.0,112.0,88.0,0.0,22.0,116.0,59.0,50.0,69.0,79.0,52.0,50.0,77.0,88.0,50.0,88.0,52.0,33.0,37.0,88.0,50.0,33.0,45.0,48.0,88.0,140.0,31.0,127.0,51.0,50.0,54.0,37.0,0.0,50.0,43.0,54.0,52.0,87.0,70.0,44.0,70.0,35.0,45.0,45.0,44.0,70.0,0.0,39.0,70.0,44.0,31.0,70.0,79.0,51.0,71.0,30.0,55.0,37.0,50.0,37.0
42.0,47.0,112.0,55.0,0.0,0.0,51.0,45.0,0.0,0.0,0.0,122.0,71.0,94.0,0.0,78.0,21.0,40.0,0.0,71.0,31.0,109.0,68.0,31.0,141.0,82.0,90.0,39.0,45.0,32.0,0.0,161.0,80.0,55.0,46.0,46.0,54.0,179.0,76.0,54.0,71.0,40.0,78.0,51.0,109.0,54.0,60.0,51.0,112.0,20.0,147.0,60.0,0.0,90.0,0.0,68.0,80.0,109.0,0.0,68.0,43.0,179.0,57.0,52.0,71.0,46.0,51.0,51.0,112.0,112.0,47.0,71.0,0.0,46.0,71.0,47.0,34.0,46.0,46.0,20.0,50.0,0.0,0.0,109.0,71.0,109.0
232.0,241.0,71.0,235.0,253.0,253.0,65.0,0.0,249.0,256.0,249.0,104.0,74.0,232.0,255.0,247.0,21.0,230.0,256.0,234.0,0.0,234.0,723.0,0.0,117.0,232.0,115.0,227.0,238.0,0.0,253.0,108.0,257.0,235.0,238.0,0.0,89.0,54.0,247.0,234.0,231.0,232.0,246.0,59.0,234.0,238.0,231.0,59.0,71.0,21.0,47.0,88.0,253.0,100.0,253.0,38.0,252.0,234.0,0.0,38.0,86.0,158.0,65.0,0.0,74.0,243.0,0.0,74.0,71.0,71.0,241.0,47.0,255.0,227.0,47.0,241.0,0.0,238.0,0.0,256.0,59.0,251.0,253.0,234.0,231.0,232.0
63.0,140.0,233.0,171.0,91.0,91.0,219.0,263.0,244.0,46.0,244.0,252.0,250.0,159.0,92.0,75.0,257.0,312.0,92.0,124.0,260.0,178.0,219.0,260.0,252.0,214.0,251.0,199.0,121.0,255.0,141.0,252.0,97.0,78.0,111.0,258.0,220.0,225.0,174.0,149.0,124.0,121.0,75.0,253.0,178.0,149.0,124.0,253.0,236.0,257.0,221.0,259.0,259.0,253.0,91.0,219.0,102.0,178.0,255.0,227.0,228.0,228.0,220.0,266.0,250.0,159.0,258.0,250.0,236.0,236.0,140.0,253.0,97.0,111.0,253.0,140.0,257.0,129.0,258.0,91.0,334.0,0.0,46.0,163.0,124.0,163.0
73.0,35.0,42.0,76.0,264.0,264.0,100.0,57.0,262.0,262.0,274.0,44.0,258.0,58.0,266.0,0.0,52.0,220.0,266.0,87.0,267.0,70.0,73.0,267.0,87.0,70.0,259.0,173.0,39.0,266.0,0.0,65.0,0.0,76.0,0.0,280.0,116.0,100.0,0.0,71.0,37.0,42.0,0.0,30.0,70.0,71.0,42.0,243.0,42.0,52.0,78.0,262.0,265.0,259.0,264.0,73.0,20.0,89.0,55.0,73.0,74.0,100.0,45.0,31.0,258.0,35.0,60.0,30.0,42.0,42.0,35.0,258.0,269.0,73.0,258.0,35.0,269.0,0.0,280.0,264.0,80.0,266.0,264.0,70.0,37.0,70.0
116.0,87.0,42.0,40.0,61.0,61.0,51.0,0.0,156.0,156.0,115.0,48.0,0.0,63.0,199.0,61.0,0.0,53.0,199.0,52.0,271.0,80.0,70.0,271.0,63.0,117.0,0.0,82.0,147.0,270.0,0.0,62.0,263.0,40.0,42.0,170.0,173.0,48.0,172.0,69.0,161.0,54.0,61.0,0.0,80.0,147.0,106.0,0.0,42.0,0.0,82.0,0.0,30.0,0.0,61.0,70.0,348.0,80.0,0.0,70.0,69.0,48.0,69.0,0.0,0.0,120.0,0.0,0.0,42.0,42.0,87.0,0.0,268.0,61.0,0.0,87.0,138.0,42.0,0.0,30.0,57.0,0.0,61.0,80.0,161.0,80.0
55.0,144.0,171.0,61.0,0.0,0.0,142.0,219.0,0.0,0.0,0.0,99.0,70.0,46.0,21.0,69.0,24.0,52.0,0.0,106.0,30.0,56.0,76.0,30.0,43.0,131.0,30.0,139.0,30.0,238.0,21.0,113.0,59.0,61.0,119.0,21.0,43.0,119.0,66.0,106.0,34.0,30.0,160.0,60.0,56.0,207.0,34.0,60.0,171.0,24.0,115.0,0.0,0.0,0.0,0.0,37.0,39.0,56.0,21.0,37.0,132.0,60.0,142.0,126.0,70.0,41.0,58.0,70.0,171.0,171.0,144.0,38.0,21.0,37.0,38.0,144.0,200.0,119.0,0.0,0.0,91.0,0.0,0.0,56.0,34.0,57.0
122.0,183.0,473.0,112.0,55.0,55.0,550.0,0.0,93.0,93.0,93.0,598.0,65.0,197.0,59.0,131.0,58.0,222.0,59.0,164.0,68.0,215.0,435.0,68.0,44.0,243.0,85.0,238.0,161.0,107.0,0.0,44.0,70.0,50.0,131.0,90.0,418.0,475.0,224.0,166.0,174.0,160.0,131.0,64.0,215.0,166.0,174.0,64.0,596.0,58.0,429.0,98.0,37.0,76.0,55.0,435.0,107.0,215.0,36.0,438.0,595.0,446.0,523.0,0.0,65.0,183.0,0.0,65.0,459.0,459.0,183.0,92.0,31.0,122.0,92.0,183.0,25.0,138.0,90.0,55.0,225.0,20.0,63.0,215.0,174.0,215.0
120.0,68.0,71.0,122.0,133.0,133.0,89.0,108.0,165.0,165.0,180.0,36.0,0.0,45.0,167.0,43.0,156.0,146.0,167.0,46.0,39.0,47.0,89.0,39.0,131.0,65.0,23.0,49.0,68.0,55.0,133.0,111.0,0.0,122.0,71.0,0.0,133.0,61.0,67.0,110.0,89.0,38.0,43.0,138.0,47.0,110.0,67.0,51.0,71.0,156.0,127.0,0.0,133.0,23.0,133.0,89.0,202.0,47.0,40.0,89.0,225.0,61.0,35.0,95.0,0.0,57.0,92.0,138.0,71.0,71.0,68.0,0.0,204.0,120.0,0.0,57.0,44.0,0.0,0.0,133.0,55.0,133.0,133.0,47.0,89.0,47.0
44.0,60.0,66.0,113.0,42.0,42.0,80.0,34.0,25.0,25.0,0.0,23.0,0.0,55.0,92.0,50.0,0.0,72.0,92.0,36.0,60.0,58.0,33.0,60.0,94.0,72.0,22.0,33.0,77.0,67.0,39.0,132.0,50.0,113.0,45.0,87.0,76.0,52.0,42.0,36.0,46.0,24.0,55.0,0.0,58.0,77.0,50.0,0.0,66.0,0.0,63.0,107.0,31.0,55.0,42.0,33.0,91.0,58.0,0.0,33.0,21.0,43.0,138.0,62.0,0.0,66.0,73.0,0.0,66.0,66.0,60.0,0.0,58.0,23.0,111.0,60.0,53.0,45.0,36.0,36.0,164.0,0.0,42.0,58.0,46.0,413.0
214.0,204.0,30.0,196.0,23.0,23.0,120.0,0.0,0.0,51.0,0.0,35.0,48.0,50.0,0.0,199.0,0.0,82.0,0.0,173.0,57.0,561.0,90.0,57.0,50.0,88.0,63.0,148.0,182.0,23.0,47.0,0.0,117.0,196.0,335.0,42.0,48.0,112.0,64.0,173.0,206.0,182.0,61.0,39.0,561.0,181.0,206.0,39.0,30.0,0.0,101.0,42.0,31.0,74.0,23.0,90.0,56.0,561.0,32.0,49.0,88.0,52.0,120.0,52.0,48.0,201.0,42.0,48.0,30.0,30.0,204.0,48.0,0.0,197.0,48.0,204.0,36.0,335.0,42.0,23.0,52.0,31.0,51.0,48.0,206.0,48.0
45.0,360.0,60.0,46.0,55.0,55.0,33.0,36.0,48.0,48.0,31.0,45.0,20.0,61.0,52.0,54.0,39.0,31.0,52.0,64.0,33.0,82.0,65.0,33.0,23.0,63.0,0.0,111.0,69.0,90.0,175.0,23.0,49.0,46.0,57.0,44.0,40.0,69.0,103.0,63.0,50.0,54.0,54.0,42.0,82.0,69.0,47.0,42.0,40.0,39.0,88.0,23.0,48.0,23.0,55.0,65.0,159.0,82.0,36.0,65.0,69.0,53.0,40.0,42.0,0.0,58.0,60.0,20.0,40.0,40.0,360.0,0.0,22.0,167.0,0.0,360.0,92.0,57.0,44.0,67.0,0.0,48.0,55.0,82.0,50.0,82.0
0.0,46.0,66.0,0.0,0.0,0.0,95.0,73.0,21.0,21.0,21.0,97.0,74.0,57.0,20.0,0.0,45.0,77.0,24.0,54.0,0.0,36.0,57.0,0.0,52.0,49.0,31.0,38.0,20.0,39.0,34.0,141.0,221.0,0.0,0.0,57.0,96.0,64.0,68.0,54.0,41.0,37.0,0.0,165.0,36.0,20.0,41.0,165.0,66.0,45.0,58.0,40.0,0.0,33.0,0.0,58.0,40.0,36.0,49.0,58.0,70.0,57.0,95.0,65.0,74.0,64.0,70.0,74.0,66.0,66.0,46.0,70.0,20.0,0.0,70.0,46.0,56.0,0.0,47.0,0.0,184.0,0.0,0.0,36.0,41.0,46.0
0.0,0.0,0.0,0.0,0.0,0.0,0.0,22.0,0.0,0.0,0.0,0.0,0.0,0.0,0.0,0.0,0.0,0.0,0.0,0.0,21.0,0.0,0.0,21.0,0.0,0.0,0.0,0.0,233.0,21.0,0.0,0.0,0.0,0.0,334.0,21.0,0.0,0.0,0.0,0.0,0.0,0.0,0.0,0.0,0.0,0.0,0.0,0.0,0.0,0.0,0.0,0.0,0.0,0.0,0.0,0.0,0.0,0.0,0.0,0.0,0.0,0.0,0.0,21.0,0.0,0.0,20.0,0.0,0.0,0.0,0.0,37.0,0.0,0.0,37.0,0.0,20.0,0.0,21.0,0.0,0.0,0.0,0.0,0.0,0.0,0.0
145.0,364.0,391.0,111.0,0.0,0.0,397.0,0.0,0.0,0.0,101.0,419.0,0.0,438.0,46.0,0.0,0.0,450.0,46.0,153.0,0.0,435.0,316.0,0.0,59.0,433.0,0.0,305.0,140.0,0.0,0.0,67.0,0.0,111.0,147.0,0.0,381.0,348.0,416.0,147.0,314.0,144.0,0.0,0.0,435.0,147.0,303.0,0.0,380.0,0.0,380.0,0.0,0.0,0.0,0.0,265.0,0.0,435.0,0.0,265.0,397.0,342.0,363.0,0.0,0.0,183.0,0.0,0.0,391.0,391.0,364.0,0.0,0.0,145.0,0.0,325.0,0.0,159.0,0.0,0.0,307.0,21.0,0.0,459.0,314.0,429.0
43.0,0.0,79.0,25.0,79.0,79.0,46.0,0.0,25.0,25.0,0.0,0.0,0.0,0.0,41.0,0.0,61.0,36.0,41.0,49.0,60.0,0.0,33.0,120.0,38.0,24.0,0.0,159.0,64.0,114.0,0.0,72.0,0.0,25.0,58.0,0.0,106.0,43.0,0.0,49.0,363.0,50.0,0.0,55.0,0.0,64.0,25.0,55.0,79.0,101.0,94.0,0.0,34.0,0.0,79.0,33.0,0.0,0.0,0.0,33.0,38.0,55.0,131.0,77.0,0.0,45.0,0.0,0.0,79.0,79.0,0.0,0.0,37.0,175.0,92.0,0.0,55.0,58.0,0.0,39.0,0.0,39.0,79.0,0.0,363.0,36.0
148.0,0.0,31.0,38.0,0.0,0.0,72.0,0.0,0.0,0.0,0.0,23.0,0.0,30.0,20.0,0.0,0.0,121.0,20.0,38.0,23.0,165.0,95.0,23.0,45.0,234.0,0.0,34.0,20.0,43.0,55.0,20.0,40.0,151.0,110.0,0.0,0.0,96.0,31.0,30.0,0.0,36.0,0.0,0.0,165.0,30.0,0.0,0.0,31.0,0.0,95.0,0.0,0.0,0.0,0.0,95.0,85.0,165.0,0.0,668.0,0.0,108.0,72.0,0.0,0.0,0.0,0.0,0.0,31.0,31.0,0.0,0.0,36.0,148.0,0.0,0.0,30.0,20.0,0.0,0.0,38.0,38.0,0.0,40.0,0.0,40.0
41.0,154.0,236.0,21.0,92.0,51.0,54.0,0.0,63.0,63.0,60.0,0.0,0.0,73.0,55.0,45.0,0.0,51.0,55.0,44.0,37.0,65.0,0.0,37.0,80.0,83.0,0.0,39.0,97.0,33.0,25.0,31.0,0.0,21.0,49.0,0.0,218.0,50.0,56.0,64.0,48.0,34.0,45.0,0.0,65.0,64.0,58.0,0.0,236.0,0.0,114.0,23.0,0.0,0.0,92.0,0.0,0.0,65.0,0.0,0.0,39.0,50.0,0.0,0.0,0.0,52.0,0.0,0.0,236.0,236.0,154.0,0.0,77.0,41.0,0.0,52.0,0.0,154.0,0.0,51.0,0.0,49.0,92.0,65.0,48.0,65.0
201.0,0.0,0.0,42.0,39.0,39.0,170.0,0.0,33.0,33.0,67.0,78.0,43.0,43.0,47.0,32.0,108.0,36.0,47.0,40.0,32.0,45.0,146.0,49.0,0.0,36.0,34.0,226.0,112.0,66.0,21.0,37.0,42.0,42.0,58.0,33.0,143.0,132.0,0.0,46.0,37.0,186.0,39.0,45.0,45.0,112.0,53.0,45.0,0.0,135.0,146.0,86.0,43.0,31.0,39.0,146.0,52.0,45.0,49.0,146.0,144.0,132.0,160.0,32.0,43.0,56.0,32.0,43.0,0.0,0.0,0.0,43.0,54.0,61.0,40.0,0.0,65.0,58.0,24.0,43.0,212.0,109.0,39.0,45.0,37.0,46.0
37.0,126.0,48.0,235.0,0.0,0.0,20.0,40.0,31.0,49.0,31.0,109.0,76.0,0.0,0.0,205.0,61.0,33.0,57.0,120.0,47.0,47.0,70.0,47.0,108.0,143.0,45.0,31.0,126.0,108.0,32.0,64.0,24.0,235.0,49.0,36.0,147.0,91.0,25.0,120.0,137.0,126.0,56.0,68.0,47.0,116.0,137.0,68.0,48.0,61.0,125.0,0.0,0.0,23.0,0.0,70.0,43.0,47.0,86.0,47.0,51.0,36.0,20.0,0.0,76.0,58.0,41.0,76.0,48.0,48.0,126.0,45.0,21.0,58.0,45.0,126.0,49.0,49.0,36.0,0.0,52.0,48.0,0.0,47.0,137.0,0.0
50.0,0.0,0.0,0.0,79.0,79.0,115.0,0.0,40.0,40.0,40.0,34.0,0.0,0.0,52.0,63.0,0.0,58.0,52.0,55.0,0.0,45.0,48.0,0.0,39.0,42.0,0.0,21.0,37.0,0.0,51.0,39.0,0.0,113.0,42.0,0.0,154.0,60.0,204.0,34.0,0.0,68.0,63.0,0.0,42.0,34.0,0.0,0.0,0.0,0.0,131.0,0.0,61.0,0.0,79.0,48.0,127.0,42.0,0.0,48.0,34.0,62.0,154.0,0.0,0.0,0.0,0.0,0.0,0.0,0.0,0.0,0.0,120.0,50.0,0.0,0.0,0.0,40.0,0.0,79.0,21.0,443.0,35.0,45.0,0.0,45.0
253.0,236.0,105.0,0.0,40.0,40.0,37.0,103.0,25.0,25.0,22.0,48.0,192.0,62.0,0.0,25.0,169.0,89.0,0.0,223.0,92.0,55.0,23.0,92.0,310.0,63.0,99.0,39.0,82.0,73.0,0.0,33.0,400.0,0.0,63.0,50.0,78.0,47.0,155.0,117.0,114.0,119.0,25.0,171.0,55.0,117.0,22.0,171.0,105.0,169.0,60.0,255.0,174.0,99.0,40.0,23.0,22.0,55.0,174.0,23.0,111.0,47.0,153.0,86.0,192.0,119.0,25.0,171.0,105.0,105.0,236.0,192.0,20.0,253.0,192.0,236.0,76.0,63.0,50.0,23.0,33.0,0.0,40.0,55.0,114.0,55.0
46.0,205.0,0.0,151.0,32.0,32.0,87.0,252.0,81.0,57.0,81.0,54.0,258.0,211.0,46.0,116.0,263.0,33.0,55.0,346.0,271.0,278.0,98.0,271.0,521.0,175.0,144.0,45.0,205.0,264.0,0.0,314.0,0.0,151.0,262.0,263.0,142.0,0.0,207.0,346.0,208.0,208.0,0.0,256.0,278.0,205.0,202.0,256.0,0.0,259.0,156.0,0.0,49.0,40.0,32.0,98.0,42.0,278.0,260.0,98.0,88.0,39.0,87.0,258.0,258.0,221.0,261.0,258.0,0.0,0.0,205.0,258.0,46.0,352.0,261.0,205.0,264.0,262.0,263.0,81.0,40.0,0.0,32.0,278.0,208.0,89.0
37.0,24.0,0.0,33.0,39.0,39.0,0.0,23.0,0.0,51.0,0.0,35.0,66.0,39.0,45.0,24.0,37.0,238.0,45.0,36.0,37.0,251.0,228.0,37.0,0.0,250.0,0.0,252.0,20.0,0.0,0.0,0.0,33.0,30.0,49.0,80.0,98.0,230.0,31.0,36.0,42.0,20.0,24.0,75.0,251.0,76.0,42.0,75.0,115.0,37.0,126.0,24.0,116.0,42.0,39.0,228.0,75.0,251.0,39.0,0.0,118.0,222.0,0.0,63.0,66.0,0.0,38.0,66.0,115.0,115.0,24.0,80.0,20.0,35.0,80.0,24.0,0.0,49.0,80.0,39.0,244.0,515.0,51.0,231.0,42.0,231.0
0.0,48.0,43.0,30.0,0.0,0.0,97.0,43.0,51.0,51.0,46.0,36.0,0.0,37.0,38.0,22.0,55.0,34.0,38.0,65.0,60.0,50.0,52.0,60.0,661.0,63.0,0.0,76.0,0.0,55.0,40.0,56.0,44.0,30.0,46.0,50.0,88.0,55.0,33.0,69.0,33.0,37.0,22.0,0.0,50.0,69.0,33.0,0.0,36.0,55.0,46.0,20.0,36.0,0.0,0.0,52.0,63.0,32.0,33.0,52.0,107.0,104.0,88.0,31.0,0.0,48.0,0.0,0.0,43.0,43.0,48.0,0.0,34.0,0.0,0.0,48.0,43.0,153.0,50.0,0.0,89.0,59.0,74.0,50.0,36.0,50.0
73.0,117.0,139.0,0.0,0.0,0.0,138.0,70.0,0.0,0.0,24.0,0.0,103.0,88.0,0.0,79.0,105.0,135.0,0.0,136.0,30.0,144.0,141.0,30.0,172.0,130.0,79.0,0.0,0.0,34.0,21.0,149.0,0.0,0.0,180.0,0.0,164.0,139.0,32.0,38.0,121.0,118.0,79.0,77.0,144.0,38.0,122.0,77.0,139.0,53.0,143.0,77.0,0.0,79.0,0.0,141.0,0.0,144.0,93.0,141.0,145.0,139.0,143.0,61.0,103.0,115.0,0.0,103.0,139.0,139.0,117.0,103.0,0.0,190.0,103.0,117.0,36.0,180.0,0.0,0.0,135.0,0.0,0.0,144.0,121.0,144.0
175.0,33.0,107.0,57.0,37.0,37.0,71.0,79.0,22.0,41.0,22.0,0.0,37.0,93.0,0.0,0.0,0.0,0.0,30.0,39.0,99.0,45.0,39.0,99.0,324.0,98.0,0.0,0.0,22.0,0.0,31.0,0.0,0.0,57.0,0.0,0.0,75.0,34.0,38.0,39.0,0.0,40.0,167.0,0.0,45.0,22.0,0.0,0.0,107.0,0.0,174.0,0.0,30.0,0.0,37.0,50.0,57.0,45.0,0.0,50.0,153.0,31.0,71.0,95.0,37.0,39.0,0.0,37.0,107.0,107.0,33.0,0.0,0.0,48.0,0.0,33.0,0.0,0.0,87.0,36.0,38.0,23.0,37.0,45.0,0.0,163.0
100.0,38.0,107.0,0.0,32.0,32.0,69.0,0.0,0.0,33.0,0.0,102.0,34.0,36.0,98.0,0.0,22.0,37.0,98.0,23.0,36.0,0.0,206.0,36.0,661.0,0.0,47.0,181.0,54.0,0.0,0.0,60.0,0.0,60.0,0.0,61.0,34.0,54.0,0.0,326.0,54.0,82.0,0.0,37.0,0.0,326.0,54.0,37.0,0.0,22.0,167.0,41.0,31.0,35.0,32.0,206.0,0.0,0.0,31.0,52.0,100.0,0.0,34.0,0.0,34.0,38.0,45.0,34.0,0.0,0.0,38.0,39.0,43.0,100.0,39.0,38.0,0.0,74.0,61.0,32.0,34.0,20.0,33.0,0.0,54.0,0.0
22.0,200.0,98.0,134.0,23.0,55.0,122.0,0.0,35.0,35.0,62.0,60.0,38.0,199.0,21.0,174.0,0.0,36.0,21.0,200.0,97.0,104.0,110.0,97.0,409.0,46.0,67.0,126.0,196.0,0.0,23.0,0.0,0.0,134.0,20.0,43.0,55.0,30.0,196.0,197.0,254.0,200.0,174.0,104.0,104.0,197.0,324.0,0.0,98.0,0.0,94.0,77.0,22.0,67.0,55.0,110.0,0.0,120.0,0.0,110.0,34.0,30.0,64.0,31.0,38.0,200.0,61.0,104.0,98.0,98.0,195.0,38.0,20.0,22.0,38.0,200.0,115.0,196.0,43.0,55.0,34.0,39.0,23.0,104.0,254.0,104.0
0.0,37.0,48.0,0.0,0.0,0.0,0.0,21.0,0.0,0.0,0.0,0.0,36.0,351.0,0.0,0.0,114.0,114.0,0.0,57.0,33.0,107.0,125.0,33.0,85.0,0.0,0.0,0.0,22.0,57.0,76.0,0.0,0.0,0.0,0.0,0.0,45.0,34.0,40.0,0.0,0.0,22.0,0.0,48.0,107.0,328.0,0.0,48.0,48.0,61.0,38.0,0.0,182.0,22.0,0.0,125.0,0.0,107.0,46.0,125.0,136.0,34.0,0.0,0.0,36.0,237.0,20.0,36.0,48.0,48.0,37.0,36.0,0.0,54.0,36.0,37.0,23.0,0.0,35.0,0.0,0.0,45.0,0.0,107.0,0.0,107.0
153.0,41.0,39.0,47.0,37.0,37.0,118.0,64.0,0.0,49.0,0.0,57.0,0.0,47.0,25.0,45.0,34.0,0.0,31.0,20.0,0.0,46.0,40.0,0.0,44.0,36.0,81.0,103.0,58.0,0.0,64.0,277.0,45.0,47.0,37.0,0.0,75.0,111.0,107.0,20.0,36.0,58.0,0.0,0.0,46.0,57.0,36.0,0.0,39.0,34.0,100.0,69.0,48.0,20.0,37.0,111.0,22.0,46.0,31.0,111.0,83.0,61.0,118.0,30.0,0.0,0.0,61.0,0.0,39.0,39.0,41.0,44.0,59.0,68.0,44.0,41.0,0.0,37.0,116.0,37.0,34.0,23.0,37.0,46.0,36.0,44.0
144.0,101.0,145.0,68.0,108.0,108.0,146.0,21.0,104.0,104.0,104.0,48.0,0.0,0.0,41.0,143.0,21.0,191.0,41.0,57.0,36.0,157.0,199.0,36.0,111.0,155.0,39.0,143.0,0.0,34.0,36.0,111.0,79.0,0.0,40.0,65.0,140.0,167.0,157.0,52.0,71.0,57.0,143.0,84.0,140.0,52.0,71.0,84.0,21.0,21.0,148.0,54.0,0.0,0.0,108.0,199.0,25.0,140.0,0.0,199.0,170.0,162.0,140.0,0.0,0.0,101.0,51.0,0.0,21.0,21.0,101.0,0.0,82.0,144.0,0.0,101.0,52.0,111.0,65.0,108.0,149.0,80.0,64.0,157.0,71.0,157.0
49.0,71.0,118.0,43.0,45.0,45.0,0.0,73.0,39.0,39.0,33.0,22.0,87.0,24.0,65.0,51.0,83.0,79.0,65.0,188.0,25.0,46.0,171.0,25.0,69.0,157.0,84.0,42.0,176.0,52.0,40.0,60.0,0.0,43.0,96.0,57.0,0.0,86.0,57.0,36.0,24.0,156.0,51.0,43.0,46.0,36.0,0.0,40.0,118.0,83.0,68.0,135.0,36.0,84.0,45.0,171.0,60.0,46.0,58.0,171.0,62.0,86.0,110.0,110.0,87.0,63.0,45.0,43.0,118.0,118.0,71.0,87.0,61.0,49.0,87.0,63.0,67.0,96.0,57.0,0.0,33.0,43.0,45.0,46.0,24.0,46.0
0.0,58.0,49.0,30.0,42.0,42.0,134.0,41.0,0.0,21.0,0.0,63.0,85.0,33.0,0.0,0.0,59.0,42.0,0.0,193.0,54.0,37.0,39.0,54.0,70.0,35.0,91.0,35.0,119.0,45.0,0.0,45.0,24.0,30.0,48.0,36.0,83.0,52.0,0.0,193.0,39.0,33.0,44.0,68.0,37.0,119.0,33.0,68.0,49.0,86.0,55.0,100.0,43.0,62.0,42.0,39.0,38.0,37.0,73.0,39.0,131.0,286.0,134.0,0.0,85.0,65.0,24.0,85.0,49.0,49.0,58.0,85.0,0.0,56.0,89.0,58.0,49.0,48.0,36.0,33.0,0.0,91.0,42.0,37.0,39.0,36.0
42.0,152.0,87.0,0.0,0.0,0.0,186.0,61.0,20.0,20.0,20.0,23.0,0.0,0.0,30.0,56.0,46.0,0.0,30.0,145.0,40.0,21.0,32.0,40.0,61.0,0.0,0.0,104.0,145.0,43.0,23.0,61.0,0.0,24.0,147.0,115.0,70.0,21.0,33.0,145.0,169.0,145.0,54.0,37.0,21.0,141.0,169.0,37.0,87.0,46.0,105.0,31.0,20.0,21.0,0.0,32.0,37.0,21.0,30.0,62.0,49.0,71.0,186.0,61.0,0.0,31.0,102.0,0.0,87.0,87.0,152.0,21.0,0.0,143.0,21.0,152.0,0.0,147.0,115.0,0.0,0.0,0.0,20.0,0.0,169.0,0.0
31.0,32.0,47.0,32.0,21.0,21.0,47.0,0.0,0.0,0.0,0.0,33.0,0.0,63.0,23.0,0.0,22.0,30.0,23.0,0.0,0.0,183.0,47.0,0.0,56.0,85.0,0.0,36.0,62.0,0.0,46.0,56.0,0.0,0.0,0.0,0.0,87.0,52.0,36.0,139.0,48.0,100.0,0.0,0.0,183.0,139.0,48.0,0.0,36.0,22.0,75.0,20.0,38.0,23.0,21.0,47.0,0.0,41.0,0.0,47.0,34.0,38.0,87.0,0.0,42.0,32.0,0.0,0.0,47.0,36.0,32.0,42.0,37.0,31.0,42.0,32.0,0.0,31.0,0.0,21.0,51.0,0.0,39.0,183.0,48.0,183.0
135.0,0.0,154.0,100.0,0.0,0.0,146.0,25.0,0.0,0.0,58.0,145.0,76.0,128.0,0.0,169.0,37.0,139.0,0.0,166.0,37.0,23.0,147.0,37.0,82.0,167.0,83.0,225.0,108.0,39.0,0.0,64.0,0.0,100.0,0.0,24.0,152.0,143.0,164.0,158.0,43.0,0.0,169.0,98.0,23.0,158.0,145.0,98.0,154.0,71.0,156.0,0.0,51.0,83.0,0.0,147.0,30.0,23.0,24.0,147.0,153.0,143.0,154.0,33.0,76.0,135.0,0.0,98.0,154.0,154.0,0.0,76.0,59.0,0.0,76.0,0.0,60.0,0.0,24.0,0.0,142.0,61.0,0.0,23.0,43.0,23.0
109.0,92.0,88.0,97.0,0.0,0.0,42.0,49.0,0.0,0.0,0.0,99.0,72.0,142.0,0.0,0.0,48.0,50.0,43.0,76.0,0.0,54.0,36.0,0.0,84.0,165.0,0.0,62.0,44.0,36.0,0.0,80.0,37.0,97.0,114.0,0.0,34.0,64.0,58.0,76.0,32.0,155.0,64.0,70.0,54.0,44.0,70.0,70.0,88.0,48.0,60.0,0.0,0.0,57.0,0.0,64.0,0.0,54.0,48.0,64.0,57.0,47.0,42.0,81.0,72.0,34.0,0.0,72.0,88.0,88.0,92.0,71.0,0.0,164.0,71.0,92.0,36.0,114.0,0.0,0.0,53.0,0.0,0.0,54.0,32.0,99.0
0.0,39.0,96.0,36.0,0.0,0.0,133.0,0.0,0.0,0.0,0.0,33.0,58.0,34.0,0.0,110.0,73.0,62.0,0.0,45.0,83.0,34.0,174.0,83.0,109.0,67.0,39.0,151.0,65.0,60.0,0.0,109.0,34.0,0.0,167.0,70.0,55.0,44.0,36.0,45.0,0.0,65.0,110.0,135.0,34.0,35.0,0.0,135.0,119.0,73.0,194.0,0.0,0.0,33.0,0.0,174.0,31.0,34.0,46.0,39.0,66.0,33.0,55.0,0.0,58.0,34.0,0.0,58.0,119.0,119.0,39.0,55.0,75.0,52.0,55.0,39.0,114.0,167.0,70.0,0.0,43.0,0.0,0.0,49.0,0.0,49.0
168.0,174.0,33.0,177.0,0.0,0.0,53.0,35.0,0.0,0.0,0.0,0.0,42.0,174.0,0.0,0.0,88.0,171.0,0.0,268.0,66.0,189.0,48.0,66.0,61.0,174.0,0.0,169.0,225.0,38.0,0.0,76.0,0.0,177.0,176.0,21.0,100.0,36.0,171.0,232.0,178.0,190.0,0.0,36.0,189.0,232.0,178.0,36.0,0.0,88.0,46.0,36.0,0.0,0.0,0.0,48.0,0.0,172.0,93.0,48.0,31.0,36.0,37.0,0.0,42.0,174.0,0.0,50.0,33.0,33.0,174.0,42.0,0.0,168.0,42.0,174.0,0.0,173.0,21.0,0.0,46.0,0.0,0.0,189.0,178.0,189.0
0.0,0.0,0.0,0.0,0.0,0.0,0.0,0.0,0.0,0.0,0.0,0.0,70.0,0.0,0.0,0.0,0.0,0.0,0.0,0.0,0.0,0.0,0.0,0.0,0.0,0.0,0.0,0.0,0.0,0.0,0.0,54.0,0.0,0.0,0.0,0.0,0.0,0.0,0.0,0.0,0.0,0.0,0.0,0.0,0.0,0.0,0.0,0.0,0.0,0.0,0.0,0.0,0.0,0.0,0.0,0.0,0.0,0.0,0.0,0.0,0.0,0.0,0.0,0.0,70.0,0.0,0.0,70.0,0.0,0.0,0.0,70.0,0.0,0.0,70.0,0.0,0.0,0.0,0.0,0.0,0.0,0.0,0.0,0.0,0.0,0.0
229.0,82.0,240.0,0.0,67.0,100.0,195.0,0.0,23.0,23.0,0.0,337.0,0.0,126.0,0.0,118.0,0.0,104.0,0.0,85.0,0.0,58.0,168.0,0.0,76.0,136.0,0.0,89.0,99.0,0.0,0.0,36.0,46.0,0.0,305.0,0.0,154.0,118.0,126.0,102.0,134.0,90.0,118.0,0.0,58.0,102.0,119.0,0.0,240.0,0.0,222.0,0.0,21.0,0.0,67.0,168.0,53.0,58.0,0.0,168.0,233.0,118.0,197.0,0.0,0.0,135.0,0.0,0.0,240.0,240.0,82.0,0.0,0.0,229.0,0.0,135.0,0.0,371.0,0.0,100.0,81.0,265.0,67.0,58.0,134.0,58.0
44.0,201.0,48.0,0.0,50.0,50.0,77.0,269.0,45.0,45.0,45.0,272.0,281.0,48.0,49.0,50.0,274.0,244.0,49.0,30.0,266.0,88.0,64.0,59.0,54.0,87.0,122.0,71.0,42.0,0.0,76.0,91.0,251.0,0.0,0.0,272.0,73.0,76.0,31.0,36.0,32.0,56.0,0.0,275.0,88.0,42.0,22.0,275.0,48.0,290.0,37.0,60.0,71.0,43.0,50.0,64.0,21.0,88.0,269.0,64.0,67.0,76.0,60.0,270.0,281.0,24.0,272.0,281.0,48.0,48.0,201.0,281.0,0.0,22.0,48.0,201.0,47.0,0.0,266.0,45.0,133.0,25.0,50.0,88.0,32.0,64.0
0.0,0.0,30.0,175.0,0.0,0.0,55.0,70.0,0.0,0.0,0.0,0.0,0.0,55.0,0.0,0.0,50.0,260.0,0.0,110.0,72.0,58.0,40.0,72.0,0.0,77.0,0.0,269.0,40.0,42.0,46.0,0.0,37.0,175.0,0.0,118.0,33.0,103.0,57.0,110.0,49.0,40.0,47.0,31.0,58.0,56.0,49.0,31.0,30.0,50.0,73.0,0.0,0.0,53.0,0.0,70.0,0.0,58.0,34.0,70.0,30.0,0.0,55.0,0.0,0.0,234.0,85.0,0.0,30.0,30.0,0.0,71.0,0.0,39.0,71.0,0.0,51.0,0.0,118.0,0.0,43.0,20.0,0.0,58.0,49.0,40.0
120.0,78.0,102.0,211.0,24.0,24.0,58.0,0.0,100.0,100.0,100.0,82.0,46.0,56.0,106.0,0.0,43.0,63.0,106.0,67.0,58.0,43.0,48.0,58.0,46.0,61.0,108.0,343.0,111.0,38.0,58.0,46.0,0.0,54.0,46.0,24.0,104.0,65.0,22.0,43.0,46.0,54.0,0.0,35.0,43.0,43.0,46.0,35.0,65.0,43.0,33.0,22.0,112.0,58.0,24.0,48.0,0.0,43.0,48.0,48.0,34.0,70.0,104.0,0.0,46.0,78.0,0.0,46.0,65.0,65.0,78.0,83.0,51.0,120.0,83.0,78.0,39.0,46.0,24.0,24.0,33.0,31.0,45.0,45.0,46.0,45.0
54.0,30.0,101.0,59.0,40.0,40.0,497.0,68.0,0.0,93.0,0.0,0.0,45.0,519.0,0.0,0.0,35.0,544.0,0.0,159.0,38.0,498.0,434.0,38.0,33.0,515.0,32.0,490.0,260.0,39.0,0.0,64.0,24.0,59.0,55.0,49.0,517.0,367.0,562.0,159.0,39.0,21.0,24.0,69.0,498.0,260.0,39.0,36.0,101.0,35.0,510.0,33.0,72.0,32.0,40.0,384.0,0.0,519.0,61.0,383.0,46.0,318.0,490.0,53.0,45.0,60.0,77.0,69.0,101.0,101.0,30.0,45.0,0.0,71.0,45.0,30.0,45.0,55.0,49.0,40.0,488.0,77.0,40.0,498.0,39.0,445.0
45.0,260.0,214.0,48.0,49.0,49.0,194.0,49.0,0.0,0.0,0.0,0.0,23.0,222.0,0.0,0.0,30.0,223.0,0.0,184.0,78.0,181.0,0.0,78.0,0.0,219.0,0.0,211.0,39.0,0.0,0.0,0.0,0.0,42.0,0.0,31.0,208.0,178.0,217.0,183.0,173.0,165.0,0.0,43.0,181.0,183.0,173.0,43.0,223.0,30.0,223.0,64.0,0.0,21.0,49.0,0.0,37.0,181.0,43.0,0.0,214.0,181.0,208.0,40.0,23.0,260.0,114.0,23.0,223.0,223.0,260.0,31.0,0.0,45.0,31.0,260.0,0.0,57.0,31.0,49.0,181.0,0.0,0.0,213.0,173.0,213.0
0.0,0.0,52.0,0.0,40.0,0.0,52.0,25.0,77.0,77.0,0.0,21.0,41.0,43.0,0.0,24.0,97.0,119.0,0.0,0.0,0.0,230.0,50.0,0.0,55.0,0.0,62.0,0.0,47.0,0.0,0.0,0.0,0.0,0.0,0.0,0.0,54.0,0.0,31.0,0.0,36.0,42.0,24.0,43.0,230.0,0.0,0.0,79.0,52.0,97.0,68.0,0.0,20.0,62.0,40.0,50.0,0.0,230.0,71.0,50.0,66.0,0.0,40.0,38.0,41.0,0.0,0.0,43.0,52.0,52.0,0.0,41.0,0.0,0.0,41.0,0.0,0.0,52.0,0.0,0.0,0.0,0.0,40.0,230.0,36.0,230.0
0.0,95.0,108.0,0.0,0.0,0.0,31.0,0.0,0.0,0.0,0.0,56.0,0.0,31.0,0.0,0.0,0.0,66.0,0.0,110.0,0.0,55.0,52.0,0.0,49.0,63.0,0.0,31.0,69.0,0.0,0.0,39.0,0.0,0.0,0.0,0.0,82.0,143.0,40.0,0.0,338.0,0.0,23.0,0.0,55.0,69.0,24.0,0.0,108.0,0.0,169.0,0.0,0.0,0.0,0.0,52.0,30.0,55.0,0.0,52.0,65.0,143.0,61.0,0.0,0.0,36.0,0.0,0.0,108.0,108.0,95.0,0.0,0.0,0.0,0.0,95.0,0.0,0.0,0.0,0.0,33.0,0.0,0.0,55.0,338.0,65.0
0.0,79.0,25.0,0.0,0.0,0.0,41.0,0.0,47.0,0.0,47.0,20.0,79.0,49.0,40.0,38.0,87.0,50.0,120.0,25.0,0.0,48.0,63.0,0.0,58.0,46.0,0.0,171.0,0.0,0.0,62.0,57.0,0.0,0.0,0.0,0.0,64.0,157.0,43.0,25.0,0.0,0.0,0.0,62.0,48.0,37.0,0.0,62.0,25.0,87.0,48.0,0.0,0.0,0.0,0.0,63.0,0.0,48.0,98.0,24.0,37.0,0.0,41.0,0.0,79.0,65.0,0.0,79.0,25.0,25.0,79.0,36.0,51.0,0.0,36.0,79.0,0.0,0.0,0.0,0.0,0.0,0.0,0.0,48.0,0.0,54.0
165.0,184.0,73.0,126.0,114.0,114.0,75.0,0.0,53.0,53.0,53.0,42.0,48.0,40.0,52.0,96.0,0.0,42.0,52.0,182.0,0.0,61.0,49.0,0.0,70.0,55.0,0.0,34.0,42.0,0.0,0.0,70.0,0.0,21.0,67.0,0.0,62.0,61.0,38.0,41.0,36.0,70.0,96.0,0.0,48.0,41.0,36.0,0.0,71.0,0.0,58.0,31.0,59.0,30.0,114.0,49.0,182.0,48.0,0.0,49.0,75.0,68.0,62.0,124.0,48.0,184.0,0.0,48.0,71.0,71.0,184.0,21.0,47.0,165.0,21.0,184.0,0.0,203.0,0.0,114.0,115.0,33.0,68.0,61.0,36.0,61.0
145.0,22.0,23.0,0.0,64.0,64.0,102.0,0.0,0.0,0.0,0.0,64.0,0.0,107.0,0.0,0.0,0.0,294.0,0.0,203.0,58.0,46.0,45.0,58.0,53.0,46.0,23.0,54.0,311.0,67.0,21.0,67.0,0.0,0.0,150.0,45.0,106.0,0.0,55.0,208.0,48.0,147.0,0.0,21.0,46.0,208.0,0.0,21.0,23.0,0.0,61.0,20.0,67.0,23.0,64.0,45.0,166.0,46.0,0.0,45.0,55.0,0.0,135.0,78.0,0.0,51.0,0.0,21.0,23.0,23.0,22.0,0.0,21.0,145.0,0.0,22.0,73.0,150.0,45.0,44.0,38.0,0.0,64.0,46.0,48.0,46.0
118.0,52.0,65.0,119.0,24.0,24.0,57.0,37.0,48.0,58.0,48.0,48.0,0.0,74.0,0.0,207.0,0.0,45.0,36.0,62.0,60.0,73.0,71.0,60.0,0.0,65.0,35.0,48.0,54.0,0.0,0.0,41.0,0.0,119.0,67.0,78.0,95.0,165.0,57.0,62.0,70.0,40.0,0.0,0.0,73.0,54.0,42.0,0.0,65.0,35.0,105.0,0.0,51.0,0.0,24.0,71.0,0.0,73.0,20.0,71.0,106.0,64.0,57.0,34.0,0.0,47.0,74.0,0.0,65.0,65.0,52.0,0.0,0.0,0.0,42.0,52.0,0.0,67.0,93.0,0.0,54.0,0.0,24.0,73.0,70.0,60.0
0.0,88.0,55.0,0.0,43.0,43.0,48.0,57.0,20.0,0.0,20.0,55.0,0.0,45.0,0.0,110.0,111.0,0.0,0.0,116.0,54.0,58.0,80.0,54.0,47.0,30.0,65.0,111.0,36.0,0.0,25.0,47.0,157.0,51.0,34.0,31.0,48.0,42.0,111.0,116.0,39.0,36.0,110.0,0.0,58.0,40.0,39.0,0.0,0.0,111.0,45.0,124.0,42.0,85.0,43.0,80.0,105.0,58.0,61.0,40.0,44.0,0.0,48.0,82.0,0.0,54.0,45.0,0.0,0.0,0.0,88.0,0.0,0.0,24.0,0.0,88.0,23.0,34.0,31.0,43.0,112.0,51.0,0.0,40.0,39.0,40.0
95.0,176.0,554.0,120.0,0.0,0.0,138.0,25.0,39.0,0.0,39.0,32.0,48.0,178.0,53.0,0.0,21.0,212.0,53.0,162.0,59.0,183.0,165.0,59.0,41.0,202.0,34.0,251.0,162.0,106.0,30.0,41.0,0.0,0.0,89.0,58.0,172.0,165.0,181.0,162.0,180.0,162.0,0.0,100.0,183.0,163.0,180.0,100.0,32.0,21.0,221.0,35.0,37.0,36.0,0.0,165.0,60.0,183.0,84.0,157.0,174.0,46.0,138.0,25.0,48.0,146.0,42.0,48.0,554.0,554.0,176.0,48.0,48.0,128.0,48.0,176.0,118.0,89.0,58.0,0.0,223.0,0.0,0.0,0.0,180.0,0.0
0.0,0.0,0.0,0.0,0.0,0.0,119.0,32.0,0.0,0.0,23.0,43.0,37.0,186.0,0.0,0.0,0.0,64.0,0.0,0.0,56.0,0.0,586.0,56.0,25.0,55.0,33.0,23.0,32.0,40.0,60.0,25.0,0.0,0.0,0.0,25.0,48.0,31.0,157.0,0.0,51.0,52.0,0.0,48.0,0.0,0.0,0.0,48.0,43.0,0.0,187.0,37.0,0.0,22.0,0.0,586.0,0.0,140.0,21.0,586.0,108.0,91.0,48.0,0.0,37.0,0.0,21.0,37.0,0.0,0.0,0.0,37.0,0.0,0.0,37.0,0.0,40.0,22.0,25.0,0.0,0.0,21.0,0.0,0.0,51.0,0.0
265.0,33.0,79.0,54.0,0.0,0.0,45.0,0.0,0.0,0.0,0.0,51.0,30.0,24.0,0.0,145.0,37.0,37.0,0.0,155.0,100.0,0.0,51.0,100.0,56.0,116.0,74.0,33.0,38.0,79.0,0.0,91.0,0.0,54.0,48.0,49.0,108.0,61.0,32.0,162.0,32.0,0.0,145.0,53.0,0.0,162.0,36.0,53.0,79.0,40.0,68.0,43.0,21.0,74.0,0.0,51.0,0.0,0.0,0.0,51.0,116.0,61.0,65.0,0.0,30.0,0.0,0.0,30.0,79.0,79.0,33.0,30.0,0.0,54.0,30.0,33.0,65.0,48.0,40.0,0.0,88.0,22.0,0.0,0.0,32.0,0.0
23.0,35.0,21.0,130.0,44.0,44.0,43.0,0.0,46.0,54.0,46.0,68.0,20.0,71.0,0.0,33.0,0.0,39.0,0.0,113.0,33.0,65.0,55.0,33.0,76.0,63.0,252.0,42.0,33.0,89.0,67.0,43.0,0.0,130.0,39.0,51.0,233.0,37.0,33.0,113.0,55.0,0.0,165.0,21.0,65.0,33.0,313.0,21.0,21.0,0.0,250.0,263.0,86.0,268.0,44.0,238.0,52.0,65.0,0.0,238.0,35.0,51.0,43.0,0.0,20.0,86.0,37.0,20.0,21.0,21.0,35.0,60.0,0.0,175.0,60.0,35.0,89.0,39.0,40.0,30.0,33.0,20.0,44.0,65.0,55.0,33.0
23.0,41.0,32.0,52.0,30.0,30.0,43.0,92.0,35.0,50.0,35.0,31.0,45.0,89.0,22.0,0.0,109.0,37.0,22.0,150.0,0.0,89.0,49.0,0.0,45.0,53.0,108.0,98.0,0.0,0.0,34.0,45.0,39.0,47.0,24.0,47.0,39.0,42.0,53.0,23.0,162.0,36.0,0.0,49.0,89.0,23.0,162.0,49.0,100.0,109.0,43.0,33.0,57.0,52.0,30.0,49.0,243.0,89.0,110.0,311.0,50.0,148.0,39.0,111.0,45.0,41.0,67.0,45.0,100.0,100.0,41.0,21.0,37.0,23.0,21.0,41.0,0.0,58.0,47.0,30.0,31.0,0.0,50.0,250.0,162.0,250.0
44.0,43.0,0.0,30.0,21.0,0.0,42.0,0.0,20.0,20.0,0.0,48.0,110.0,50.0,0.0,134.0,105.0,44.0,0.0,51.0,33.0,35.0,23.0,33.0,0.0,55.0,30.0,46.0,47.0,24.0,0.0,83.0,116.0,30.0,20.0,0.0,35.0,31.0,63.0,40.0,130.0,31.0,134.0,58.0,35.0,40.0,66.0,42.0,0.0,105.0,0.0,34.0,0.0,30.0,0.0,23.0,48.0,70.0,38.0,23.0,46.0,31.0,42.0,0.0,110.0,42.0,0.0,58.0,0.0,0.0,43.0,110.0,23.0,367.0,110.0,42.0,24.0,172.0,0.0,0.0,0.0,0.0,21.0,35.0,130.0,35.0
178.0,59.0,34.0,126.0,0.0,0.0,38.0,0.0,0.0,0.0,0.0,0.0,88.0,178.0,0.0,44.0,65.0,36.0,0.0,35.0,105.0,45.0,60.0,105.0,39.0,39.0,58.0,49.0,56.0,75.0,21.0,36.0,31.0,126.0,37.0,20.0,65.0,38.0,60.0,160.0,21.0,163.0,0.0,118.0,45.0,56.0,64.0,118.0,34.0,117.0,68.0,51.0,0.0,55.0,0.0,60.0,21.0,45.0,110.0,60.0,37.0,38.0,36.0,0.0,88.0,79.0,0.0,88.0,34.0,34.0,59.0,88.0,0.0,55.0,88.0,59.0,0.0,37.0,0.0,0.0,196.0,0.0,0.0,45.0,21.0,45.0
152.0,223.0,58.0,35.0,42.0,42.0,0.0,83.0,80.0,102.0,80.0,0.0,32.0,257.0,106.0,51.0,85.0,205.0,78.0,236.0,70.0,252.0,0.0,70.0,139.0,202.0,97.0,243.0,148.0,62.0,0.0,68.0,45.0,35.0,152.0,87.0,0.0,160.0,196.0,227.0,215.0,148.0,31.0,39.0,252.0,156.0,215.0,39.0,58.0,85.0,0.0,88.0,42.0,97.0,42.0,154.0,70.0,252.0,55.0,154.0,213.0,176.0,0.0,124.0,32.0,247.0,89.0,32.0,58.0,58.0,223.0,100.0,110.0,31.0,100.0,223.0,0.0,152.0,115.0,42.0,165.0,32.0,42.0,252.0,215.0,217.0
0.0,140.0,0.0,0.0,0.0,0.0,0.0,40.0,0.0,0.0,0.0,64.0,0.0,0.0,0.0,271.0,115.0,0.0,0.0,0.0,111.0,0.0,126.0,111.0,0.0,0.0,58.0,0.0,37.0,120.0,0.0,0.0,0.0,0.0,32.0,183.0,0.0,0.0,0.0,233.0,0.0,38.0,271.0,0.0,0.0,233.0,238.0,0.0,0.0,115.0,0.0,0.0,0.0,121.0,0.0,126.0,0.0,0.0,128.0,126.0,0.0,0.0,0.0,50.0,0.0,20.0,108.0,0.0,0.0,0.0,140.0,106.0,0.0,20.0,106.0,140.0,122.0,32.0,183.0,0.0,22.0,0.0,0.0,0.0,0.0,0.0
0.0,59.0,37.0,23.0,0.0,0.0,92.0,0.0,0.0,0.0,0.0,102.0,47.0,0.0,0.0,56.0,85.0,39.0,0.0,37.0,0.0,25.0,219.0,0.0,62.0,25.0,0.0,61.0,165.0,0.0,0.0,108.0,0.0,23.0,22.0,0.0,193.0,43.0,43.0,37.0,94.0,37.0,0.0,44.0,25.0,165.0,94.0,44.0,37.0,85.0,239.0,0.0,0.0,0.0,0.0,202.0,0.0,25.0,48.0,202.0,118.0,37.0,92.0,0.0,47.0,112.0,0.0,47.0,37.0,37.0,59.0,0.0,0.0,21.0,0.0,59.0,0.0,22.0,0.0,0.0,33.0,0.0,0.0,25.0,94.0,24.0
0.0,259.0,119.0,0.0,0.0,0.0,40.0,0.0,0.0,0.0,0.0,0.0,0.0,34.0,0.0,0.0,0.0,0.0,0.0,0.0,0.0,0.0,23.0,0.0,39.0,148.0,97.0,162.0,33.0,0.0,0.0,39.0,0.0,0.0,25.0,0.0,43.0,154.0,45.0,133.0,33.0,58.0,0.0,0.0,0.0,133.0,33.0,0.0,78.0,0.0,20.0,0.0,0.0,74.0,0.0,23.0,0.0,0.0,0.0,40.0,88.0,153.0,43.0,0.0,0.0,259.0,0.0,0.0,78.0,78.0,259.0,85.0,0.0,0.0,85.0,259.0,0.0,0.0,0.0,0.0,43.0,0.0,0.0,41.0,33.0,41.0
134.0,0.0,52.0,155.0,22.0,33.0,33.0,0.0,25.0,25.0,30.0,24.0,0.0,160.0,0.0,254.0,0.0,63.0,0.0,101.0,0.0,104.0,43.0,0.0,69.0,45.0,0.0,118.0,36.0,0.0,86.0,0.0,90.0,155.0,303.0,0.0,138.0,49.0,22.0,41.0,62.0,37.0,254.0,0.0,104.0,41.0,111.0,0.0,52.0,0.0,228.0,0.0,46.0,0.0,33.0,43.0,23.0,158.0,0.0,43.0,0.0,49.0,58.0,0.0,0.0,43.0,0.0,0.0,52.0,52.0,0.0,0.0,0.0,134.0,0.0,43.0,0.0,0.0,0.0,33.0,46.0,43.0,22.0,104.0,62.0,104.0
78.0,160.0,526.0,166.0,60.0,60.0,192.0,64.0,62.0,62.0,71.0,209.0,62.0,162.0,58.0,0.0,60.0,234.0,58.0,168.0,0.0,217.0,192.0,0.0,0.0,226.0,57.0,225.0,147.0,0.0,0.0,41.0,20.0,166.0,153.0,61.0,207.0,200.0,193.0,170.0,162.0,174.0,0.0,101.0,264.0,147.0,154.0,101.0,467.0,45.0,255.0,75.0,0.0,79.0,60.0,192.0,24.0,264.0,71.0,192.0,517.0,200.0,203.0,56.0,62.0,140.0,76.0,62.0,467.0,467.0,160.0,62.0,46.0,37.0,62.0,160.0,0.0,153.0,72.0,113.0,209.0,23.0,60.0,217.0,162.0,217.0
30.0,0.0,54.0,0.0,61.0,61.0,66.0,83.0,30.0,64.0,30.0,63.0,46.0,52.0,43.0,0.0,58.0,37.0,30.0,0.0,68.0,100.0,43.0,68.0,46.0,55.0,80.0,64.0,21.0,70.0,34.0,68.0,31.0,0.0,41.0,51.0,75.0,47.0,53.0,0.0,36.0,21.0,70.0,87.0,100.0,31.0,36.0,87.0,54.0,58.0,54.0,73.0,30.0,30.0,61.0,44.0,34.0,100.0,66.0,44.0,68.0,59.0,66.0,49.0,46.0,201.0,58.0,46.0,54.0,54.0,0.0,74.0,81.0,0.0,74.0,0.0,73.0,41.0,38.0,61.0,40.0,37.0,61.0,100.0,36.0,55.0
45.0,40.0,57.0,53.0,92.0,92.0,59.0,34.0,61.0,61.0,61.0,60.0,80.0,182.0,54.0,61.0,40.0,42.0,54.0,23.0,45.0,49.0,83.0,45.0,39.0,41.0,88.0,40.0,40.0,50.0,0.0,39.0,41.0,45.0,115.0,37.0,70.0,45.0,34.0,255.0,0.0,34.0,61.0,53.0,46.0,255.0,0.0,53.0,71.0,40.0,55.0,92.0,68.0,89.0,92.0,83.0,0.0,46.0,0.0,83.0,57.0,25.0,70.0,31.0,80.0,40.0,37.0,80.0,71.0,71.0,40.0,59.0,46.0,45.0,59.0,40.0,70.0,33.0,37.0,92.0,222.0,32.0,83.0,49.0,0.0,49.0
0.0,0.0,0.0,174.0,0.0,0.0,0.0,0.0,0.0,0.0,24.0,0.0,52.0,0.0,0.0,0.0,82.0,0.0,0.0,188.0,25.0,0.0,0.0,25.0,0.0,0.0,48.0,231.0,0.0,0.0,0.0,0.0,0.0,174.0,0.0,52.0,0.0,0.0,0.0,0.0,0.0,0.0,0.0,83.0,0.0,0.0,0.0,106.0,0.0,82.0,0.0,36.0,0.0,48.0,0.0,0.0,124.0,0.0,73.0,0.0,0.0,0.0,0.0,42.0,52.0,176.0,0.0,83.0,0.0,0.0,0.0,52.0,0.0,0.0,52.0,176.0,68.0,0.0,52.0,0.0,0.0,0.0,0.0,0.0,0.0,0.0
45.0,0.0,62.0,40.0,0.0,0.0,108.0,0.0,0.0,0.0,0.0,71.0,0.0,0.0,0.0,37.0,0.0,0.0,0.0,23.0,0.0,0.0,30.0,0.0,21.0,22.0,0.0,0.0,0.0,31.0,0.0,333.0,264.0,40.0,42.0,0.0,38.0,0.0,0.0,23.0,0.0,113.0,123.0,0.0,0.0,0.0,24.0,0.0,62.0,0.0,31.0,0.0,73.0,0.0,0.0,30.0,0.0,0.0,0.0,30.0,49.0,31.0,108.0,0.0,0.0,30.0,0.0,0.0,62.0,62.0,0.0,0.0,0.0,56.0,0.0,0.0,21.0,42.0,0.0,76.0,40.0,23.0,0.0,0.0,0.0,0.0
30.0,58.0,23.0,0.0,41.0,41.0,94.0,0.0,0.0,0.0,0.0,95.0,0.0,52.0,61.0,0.0,0.0,69.0,61.0,45.0,0.0,83.0,54.0,0.0,0.0,67.0,0.0,39.0,48.0,0.0,0.0,0.0,146.0,0.0,0.0,0.0,58.0,45.0,57.0,45.0,42.0,48.0,0.0,0.0,83.0,53.0,42.0,0.0,23.0,0.0,0.0,0.0,23.0,0.0,41.0,54.0,0.0,83.0,0.0,49.0,0.0,0.0,94.0,0.0,0.0,78.0,0.0,0.0,23.0,23.0,58.0,0.0,86.0,61.0,0.0,58.0,0.0,0.0,0.0,41.0,52.0,45.0,0.0,65.0,42.0,65.0
0.0,33.0,42.0,0.0,0.0,0.0,51.0,21.0,20.0,20.0,20.0,67.0,0.0,0.0,45.0,24.0,0.0,40.0,45.0,42.0,76.0,253.0,37.0,76.0,103.0,23.0,0.0,45.0,57.0,93.0,0.0,103.0,263.0,0.0,0.0,0.0,61.0,102.0,46.0,43.0,0.0,0.0,24.0,0.0,253.0,43.0,0.0,0.0,34.0,0.0,49.0,20.0,0.0,0.0,0.0,37.0,0.0,153.0,0.0,37.0,35.0,59.0,61.0,0.0,0.0,33.0,0.0,0.0,42.0,42.0,33.0,0.0,42.0,0.0,0.0,33.0,50.0,0.0,0.0,0.0,37.0,0.0,0.0,253.0,0.0,253.0
24.0,51.0,31.0,0.0,48.0,48.0,46.0,31.0,33.0,33.0,0.0,88.0,71.0,31.0,43.0,0.0,70.0,49.0,43.0,37.0,23.0,24.0,65.0,23.0,20.0,110.0,0.0,0.0,0.0,51.0,0.0,36.0,0.0,0.0,33.0,98.0,0.0,70.0,0.0,37.0,0.0,0.0,0.0,53.0,24.0,37.0,0.0,53.0,31.0,47.0,0.0,31.0,0.0,0.0,48.0,65.0,0.0,24.0,60.0,65.0,33.0,70.0,37.0,97.0,71.0,33.0,23.0,53.0,31.0,31.0,51.0,71.0,52.0,0.0,71.0,51.0,48.0,33.0,98.0,0.0,20.0,0.0,48.0,24.0,0.0,24.0
193.0,34.0,47.0,119.0,146.0,146.0,61.0,0.0,73.0,64.0,73.0,44.0,64.0,55.0,0.0,35.0,63.0,47.0,79.0,171.0,135.0,51.0,46.0,135.0,70.0,149.0,65.0,57.0,41.0,77.0,0.0,63.0,819.0,119.0,43.0,0.0,54.0,61.0,46.0,171.0,42.0,37.0,45.0,58.0,51.0,41.0,51.0,58.0,47.0,108.0,51.0,61.0,54.0,61.0,146.0,36.0,0.0,51.0,108.0,36.0,54.0,42.0,61.0,33.0,64.0,48.0,0.0,64.0,47.0,47.0,34.0,64.0,0.0,52.0,64.0,34.0,77.0,43.0,51.0,47.0,264.0,0.0,146.0,51.0,42.0,48.0
42.0,57.0,103.0,73.0,23.0,23.0,40.0,92.0,40.0,24.0,40.0,35.0,64.0,46.0,54.0,21.0,39.0,33.0,54.0,58.0,96.0,65.0,0.0,96.0,74.0,21.0,0.0,21.0,45.0,58.0,0.0,74.0,21.0,25.0,52.0,111.0,78.0,0.0,0.0,58.0,247.0,45.0,21.0,25.0,65.0,42.0,247.0,25.0,0.0,39.0,100.0,23.0,51.0,20.0,23.0,0.0,0.0,65.0,36.0,30.0,120.0,37.0,78.0,20.0,64.0,46.0,170.0,64.0,0.0,0.0,57.0,54.0,51.0,70.0,54.0,57.0,44.0,52.0,111.0,23.0,23.0,0.0,24.0,0.0,247.0,0.0
30.0,0.0,129.0,120.0,52.0,55.0,0.0,48.0,52.0,52.0,43.0,69.0,53.0,0.0,45.0,0.0,0.0,49.0,45.0,0.0,39.0,0.0,22.0,39.0,0.0,88.0,0.0,55.0,0.0,51.0,0.0,0.0,0.0,120.0,91.0,66.0,0.0,0.0,0.0,112.0,0.0,0.0,0.0,61.0,0.0,112.0,108.0,0.0,69.0,0.0,61.0,0.0,0.0,0.0,55.0,22.0,0.0,77.0,0.0,22.0,0.0,0.0,68.0,51.0,53.0,0.0,64.0,61.0,129.0,129.0,0.0,53.0,49.0,30.0,53.0,0.0,55.0,0.0,66.0,55.0,0.0,0.0,52.0,0.0,0.0,0.0
0.0,65.0,78.0,0.0,67.0,67.0,76.0,39.0,21.0,21.0,32.0,39.0,57.0,21.0,22.0,0.0,76.0,84.0,22.0,0.0,23.0,155.0,32.0,23.0,38.0,78.0,0.0,57.0,0.0,0.0,0.0,49.0,119.0,0.0,21.0,51.0,101.0,32.0,24.0,0.0,0.0,23.0,0.0,76.0,155.0,0.0,186.0,76.0,78.0,57.0,56.0,21.0,31.0,22.0,67.0,32.0,20.0,155.0,76.0,32.0,54.0,32.0,55.0,53.0,57.0,32.0,31.0,57.0,78.0,78.0,65.0,57.0,0.0,117.0,57.0,65.0,24.0,21.0,43.0,118.0,43.0,23.0,67.0,155.0,0.0,155.0
0.0,32.0,51.0,148.0,50.0,50.0,43.0,42.0,22.0,0.0,22.0,34.0,24.0,88.0,0.0,0.0,55.0,40.0,0.0,39.0,37.0,58.0,43.0,37.0,20.0,37.0,37.0,44.0,0.0,42.0,0.0,24.0,0.0,148.0,41.0,64.0,90.0,103.0,173.0,39.0,38.0,41.0,0.0,0.0,58.0,0.0,38.0,0.0,51.0,55.0,64.0,41.0,30.0,33.0,50.0,76.0,0.0,58.0,43.0,76.0,46.0,52.0,43.0,165.0,24.0,80.0,23.0,24.0,51.0,51.0,32.0,40.0,0.0,22.0,40.0,32.0,51.0,41.0,52.0,50.0,37.0,34.0,50.0,58.0,38.0,46.0
0.0,0.0,124.0,0.0,0.0,0.0,36.0,0.0,21.0,21.0,21.0,0.0,24.0,0.0,0.0,0.0,0.0,43.0,0.0,137.0,0.0,24.0,37.0,0.0,33.0,0.0,0.0,20.0,139.0,0.0,0.0,33.0,0.0,0.0,0.0,0.0,33.0,55.0,0.0,0.0,0.0,0.0,0.0,39.0,24.0,0.0,0.0,39.0,20.0,0.0,43.0,0.0,0.0,23.0,0.0,37.0,0.0,24.0,34.0,37.0,49.0,43.0,33.0,63.0,24.0,0.0,21.0,24.0,20.0,20.0,0.0,20.0,0.0,0.0,20.0,0.0,0.0,0.0,0.0,0.0,39.0,0.0,23.0,0.0,0.0,0.0
0.0,0.0,32.0,0.0,0.0,0.0,0.0,64.0,0.0,0.0,0.0,0.0,72.0,0.0,0.0,0.0,61.0,0.0,0.0,0.0,0.0,0.0,188.0,0.0,0.0,0.0,0.0,0.0,89.0,0.0,0.0,0.0,0.0,0.0,0.0,0.0,0.0,0.0,0.0,22.0,548.0,0.0,0.0,0.0,0.0,22.0,0.0,60.0,32.0,61.0,0.0,0.0,0.0,0.0,0.0,188.0,0.0,0.0,77.0,188.0,0.0,0.0,0.0,88.0,72.0,0.0,0.0,0.0,32.0,32.0,0.0,72.0,0.0,0.0,72.0,0.0,0.0,0.0,0.0,0.0,0.0,0.0,0.0,0.0,548.0,0.0
41.0,38.0,0.0,0.0,0.0,0.0,31.0,0.0,0.0,0.0,0.0,31.0,0.0,49.0,0.0,0.0,0.0,39.0,0.0,0.0,67.0,151.0,36.0,60.0,21.0,33.0,39.0,69.0,0.0,35.0,34.0,32.0,0.0,0.0,0.0,0.0,41.0,35.0,57.0,0.0,39.0,0.0,0.0,0.0,151.0,0.0,25.0,0.0,0.0,0.0,51.0,0.0,0.0,36.0,0.0,36.0,51.0,151.0,0.0,36.0,23.0,146.0,74.0,65.0,0.0,46.0,0.0,0.0,0.0,0.0,38.0,0.0,0.0,42.0,65.0,38.0,0.0,0.0,0.0,0.0,70.0,0.0,0.0,151.0,39.0,38.0
108.0,173.0,37.0,164.0,43.0,43.0,343.0,0.0,0.0,49.0,0.0,39.0,0.0,198.0,42.0,184.0,0.0,0.0,23.0,339.0,0.0,53.0,51.0,0.0,0.0,43.0,0.0,0.0,31.0,0.0,0.0,37.0,189.0,164.0,127.0,0.0,30.0,0.0,323.0,23.0,24.0,31.0,55.0,0.0,53.0,39.0,24.0,0.0,37.0,0.0,48.0,0.0,46.0,0.0,43.0,51.0,0.0,53.0,0.0,48.0,103.0,0.0,31.0,0.0,0.0,24.0,0.0,0.0,37.0,37.0,173.0,0.0,0.0,98.0,0.0,173.0,0.0,127.0,0.0,43.0,0.0,30.0,49.0,53.0,24.0,190.0
96.0,0.0,43.0,117.0,58.0,58.0,0.0,0.0,0.0,0.0,0.0,0.0,71.0,0.0,0.0,169.0,48.0,0.0,0.0,107.0,0.0,0.0,321.0,0.0,0.0,0.0,0.0,22.0,45.0,0.0,0.0,0.0,35.0,30.0,23.0,0.0,20.0,100.0,0.0,36.0,0.0,265.0,169.0,0.0,0.0,36.0,0.0,0.0,0.0,48.0,0.0,0.0,0.0,0.0,58.0,321.0,0.0,0.0,49.0,321.0,93.0,102.0,20.0,0.0,71.0,0.0,0.0,71.0,0.0,0.0,0.0,42.0,51.0,96.0,42.0,0.0,0.0,0.0,0.0,58.0,24.0,0.0,0.0,0.0,0.0,0.0
0.0,56.0,0.0,0.0,0.0,0.0,20.0,0.0,0.0,0.0,0.0,0.0,55.0,39.0,0.0,153.0,59.0,55.0,0.0,150.0,36.0,36.0,61.0,36.0,0.0,35.0,0.0,51.0,45.0,59.0,0.0,0.0,33.0,0.0,30.0,0.0,33.0,42.0,53.0,39.0,40.0,0.0,153.0,33.0,36.0,39.0,31.0,33.0,0.0,21.0,118.0,30.0,35.0,0.0,0.0,61.0,31.0,36.0,64.0,61.0,43.0,42.0,33.0,0.0,55.0,0.0,0.0,33.0,0.0,0.0,56.0,55.0,52.0,0.0,55.0,56.0,0.0,30.0,0.0,0.0,51.0,0.0,0.0,36.0,40.0,36.0
0.0,46.0,0.0,0.0,0.0,0.0,37.0,61.0,105.0,0.0,105.0,0.0,0.0,0.0,82.0,81.0,54.0,0.0,40.0,0.0,73.0,43.0,212.0,73.0,42.0,46.0,0.0,164.0,0.0,35.0,0.0,0.0,120.0,0.0,40.0,60.0,56.0,53.0,0.0,0.0,67.0,0.0,0.0,0.0,43.0,0.0,45.0,0.0,0.0,0.0,67.0,23.0,30.0,0.0,0.0,49.0,0.0,43.0,0.0,49.0,110.0,52.0,37.0,59.0,0.0,40.0,58.0,0.0,0.0,0.0,46.0,0.0,82.0,0.0,63.0,46.0,35.0,40.0,50.0,0.0,0.0,52.0,0.0,43.0,67.0,36.0
144.0,48.0,154.0,133.0,0.0,0.0,176.0,23.0,0.0,0.0,0.0,24.0,45.0,36.0,0.0,0.0,22.0,75.0,0.0,43.0,142.0,48.0,144.0,142.0,0.0,224.0,43.0,52.0,318.0,39.0,0.0,0.0,0.0,0.0,132.0,30.0,179.0,60.0,40.0,43.0,154.0,133.0,0.0,51.0,48.0,162.0,154.0,51.0,152.0,22.0,158.0,0.0,75.0,48.0,0.0,144.0,0.0,48.0,34.0,149.0,170.0,51.0,176.0,42.0,45.0,37.0,0.0,45.0,152.0,152.0,48.0,60.0,0.0,127.0,60.0,48.0,82.0,132.0,30.0,0.0,104.0,0.0,0.0,37.0,154.0,37.0
0.0,0.0,44.0,0.0,0.0,0.0,46.0,0.0,0.0,0.0,0.0,0.0,0.0,0.0,0.0,0.0,0.0,0.0,0.0,0.0,0.0,0.0,59.0,0.0,0.0,0.0,0.0,52.0,0.0,0.0,20.0,0.0,33.0,0.0,0.0,0.0,0.0,0.0,0.0,0.0,0.0,0.0,0.0,0.0,0.0,0.0,0.0,0.0,0.0,0.0,0.0,0.0,70.0,0.0,0.0,59.0,31.0,0.0,0.0,59.0,54.0,0.0,0.0,0.0,0.0,0.0,0.0,0.0,44.0,44.0,0.0,0.0,0.0,0.0,0.0,0.0,0.0,0.0,0.0,0.0,52.0,0.0,34.0,0.0,0.0,0.0
302.0,0.0,0.0,127.0,0.0,0.0,141.0,49.0,30.0,30.0,0.0,58.0,0.0,0.0,0.0,35.0,54.0,132.0,0.0,0.0,0.0,134.0,0.0,0.0,25.0,134.0,0.0,165.0,135.0,0.0,37.0,0.0,173.0,127.0,0.0,51.0,43.0,54.0,134.0,134.0,0.0,155.0,35.0,45.0,134.0,134.0,0.0,45.0,0.0,0.0,48.0,51.0,0.0,0.0,0.0,0.0,0.0,134.0,52.0,0.0,0.0,54.0,49.0,0.0,0.0,0.0,0.0,0.0,0.0,0.0,0.0,0.0,0.0,0.0,0.0,0.0,0.0,0.0,0.0,41.0,288.0,0.0,0.0,134.0,0.0,134.0
0.0,0.0,165.0,42.0,0.0,0.0,51.0,0.0,0.0,0.0,0.0,43.0,0.0,0.0,0.0,0.0,0.0,61.0,0.0,0.0,0.0,0.0,62.0,0.0,0.0,0.0,0.0,52.0,0.0,31.0,0.0,0.0,0.0,42.0,0.0,48.0,52.0,51.0,0.0,0.0,0.0,0.0,0.0,0.0,0.0,0.0,0.0,0.0,165.0,0.0,68.0,0.0,0.0,21.0,0.0,57.0,0.0,0.0,0.0,57.0,50.0,51.0,51.0,0.0,0.0,0.0,0.0,0.0,165.0,165.0,0.0,0.0,0.0,0.0,0.0,0.0,31.0,0.0,36.0,0.0,48.0,0.0,0.0,0.0,0.0,141.0
66.0,35.0,52.0,37.0,34.0,34.0,63.0,0.0,53.0,56.0,53.0,77.0,45.0,39.0,0.0,0.0,0.0,115.0,0.0,33.0,21.0,53.0,0.0,21.0,0.0,57.0,0.0,0.0,39.0,21.0,0.0,0.0,224.0,0.0,34.0,0.0,0.0,61.0,54.0,37.0,33.0,341.0,0.0,0.0,53.0,37.0,33.0,0.0,24.0,0.0,61.0,0.0,0.0,0.0,34.0,0.0,0.0,53.0,0.0,208.0,55.0,0.0,0.0,0.0,45.0,35.0,0.0,45.0,24.0,24.0,35.0,0.0,0.0,66.0,0.0,35.0,20.0,145.0,0.0,34.0,0.0,0.0,56.0,54.0,33.0,54.0
0.0,220.0,30.0,20.0,23.0,23.0,0.0,30.0,56.0,56.0,56.0,47.0,36.0,223.0,50.0,25.0,65.0,169.0,50.0,132.0,0.0,0.0,67.0,0.0,0.0,47.0,0.0,0.0,133.0,0.0,48.0,44.0,20.0,44.0,139.0,20.0,0.0,151.0,43.0,265.0,0.0,328.0,25.0,24.0,34.0,265.0,0.0,37.0,30.0,65.0,61.0,0.0,0.0,0.0,23.0,67.0,33.0,34.0,41.0,67.0,49.0,151.0,0.0,0.0,36.0,220.0,21.0,24.0,30.0,30.0,220.0,36.0,0.0,0.0,36.0,220.0,0.0,147.0,20.0,23.0,0.0,37.0,43.0,0.0,0.0,0.0
123.0,523.0,39.0,102.0,325.0,325.0,0.0,20.0,309.0,309.0,304.0,21.0,0.0,152.0,310.0,46.0,0.0,246.0,310.0,135.0,36.0,195.0,231.0,36.0,0.0,177.0,0.0,218.0,137.0,0.0,48.0,0.0,179.0,102.0,163.0,45.0,215.0,180.0,183.0,155.0,143.0,95.0,46.0,0.0,195.0,155.0,144.0,0.0,39.0,0.0,209.0,0.0,302.0,0.0,325.0,231.0,114.0,195.0,0.0,231.0,179.0,180.0,219.0,0.0,0.0,165.0,0.0,0.0,39.0,39.0,523.0,0.0,310.0,123.0,0.0,523.0,46.0,163.0,45.0,315.0,268.0,44.0,311.0,195.0,143.0,195.0
343.0,0.0,292.0,287.0,0.0,0.0,307.0,311.0,0.0,0.0,0.0,317.0,308.0,49.0,0.0,285.0,314.0,165.0,0.0,308.0,313.0,177.0,285.0,313.0,337.0,0.0,307.0,46.0,338.0,311.0,0.0,375.0,286.0,286.0,331.0,309.0,342.0,288.0,157.0,308.0,331.0,294.0,287.0,0.0,177.0,350.0,347.0,0.0,292.0,308.0,339.0,313.0,0.0,303.0,0.0,285.0,280.0,177.0,313.0,285.0,40.0,288.0,302.0,311.0,309.0,51.0,308.0,306.0,292.0,292.0,0.0,309.0,0.0,329.0,316.0,0.0,305.0,336.0,306.0,21.0,35.0,0.0,0.0,177.0,331.0,51.0
0.0,324.0,0.0,0.0,0.0,0.0,0.0,42.0,30.0,0.0,30.0,0.0,0.0,43.0,205.0,0.0,0.0,294.0,278.0,41.0,50.0,54.0,0.0,50.0,0.0,282.0,0.0,51.0,285.0,51.0,0.0,0.0,24.0,0.0,329.0,0.0,65.0,57.0,42.0,41.0,39.0,322.0,0.0,0.0,54.0,303.0,338.0,0.0,0.0,0.0,55.0,0.0,43.0,0.0,0.0,0.0,0.0,291.0,0.0,70.0,0.0,0.0,0.0,36.0,0.0,313.0,42.0,0.0,0.0,0.0,324.0,0.0,292.0,287.0,0.0,324.0,30.0,329.0,0.0,0.0,43.0,0.0,0.0,54.0,39.0,55.0
0.0,0.0,67.0,54.0,0.0,0.0,65.0,299.0,0.0,0.0,0.0,60.0,314.0,0.0,22.0,122.0,298.0,205.0,22.0,54.0,294.0,0.0,198.0,294.0,60.0,0.0,300.0,48.0,42.0,308.0,72.0,60.0,71.0,174.0,166.0,302.0,68.0,49.0,0.0,54.0,0.0,31.0,122.0,297.0,0.0,54.0,0.0,300.0,59.0,297.0,117.0,297.0,60.0,299.0,0.0,198.0,104.0,0.0,298.0,198.0,58.0,51.0,68.0,304.0,314.0,0.0,299.0,311.0,59.0,59.0,0.0,299.0,30.0,0.0,299.0,0.0,294.0,46.0,300.0,0.0,52.0,46.0,0.0,0.0,0.0,0.0
34.0,38.0,91.0,0.0,0.0,0.0,64.0,58.0,0.0,0.0,0.0,0.0,0.0,32.0,0.0,210.0,118.0,31.0,0.0,157.0,0.0,24.0,229.0,0.0,0.0,70.0,0.0,142.0,138.0,24.0,0.0,42.0,0.0,0.0,129.0,51.0,305.0,248.0,38.0,0.0,148.0,96.0,210.0,49.0,24.0,0.0,23.0,67.0,91.0,118.0,312.0,38.0,0.0,0.0,0.0,229.0,0.0,24.0,95.0,229.0,76.0,248.0,503.0,84.0,0.0,181.0,0.0,49.0,91.0,91.0,38.0,0.0,0.0,34.0,0.0,181.0,43.0,42.0,51.0,0.0,137.0,0.0,0.0,24.0,148.0,24.0
48.0,49.0,37.0,195.0,0.0,0.0,59.0,0.0,0.0,0.0,0.0,63.0,0.0,49.0,0.0,0.0,48.0,49.0,0.0,54.0,0.0,174.0,55.0,0.0,0.0,150.0,0.0,74.0,0.0,0.0,0.0,40.0,0.0,195.0,118.0,0.0,31.0,65.0,44.0,54.0,45.0,0.0,0.0,0.0,174.0,0.0,43.0,0.0,37.0,34.0,63.0,30.0,84.0,58.0,0.0,55.0,0.0,174.0,0.0,55.0,30.0,42.0,59.0,67.0,0.0,159.0,0.0,0.0,37.0,37.0,49.0,0.0,0.0,24.0,39.0,49.0,0.0,118.0,0.0,0.0,198.0,36.0,0.0,174.0,45.0,54.0
59.0,0.0,80.0,203.0,0.0,0.0,80.0,0.0,0.0,0.0,0.0,55.0,109.0,65.0,0.0,58.0,0.0,117.0,0.0,46.0,0.0,0.0,211.0,0.0,30.0,108.0,21.0,162.0,51.0,0.0,0.0,30.0,0.0,174.0,130.0,0.0,91.0,156.0,54.0,46.0,0.0,51.0,33.0,0.0,0.0,0.0,0.0,0.0,80.0,0.0,154.0,38.0,0.0,46.0,0.0,211.0,0.0,0.0,0.0,82.0,76.0,250.0,80.0,0.0,109.0,0.0,0.0,109.0,80.0,80.0,0.0,46.0,0.0,61.0,46.0,0.0,0.0,130.0,0.0,0.0,52.0,0.0,0.0,0.0,0.0,0.0
57.0,64.0,83.0,73.0,57.0,57.0,104.0,0.0,69.0,0.0,69.0,90.0,0.0,61.0,65.0,59.0,0.0,41.0,65.0,43.0,0.0,54.0,61.0,0.0,0.0,52.0,24.0,20.0,57.0,0.0,0.0,0.0,119.0,152.0,23.0,0.0,85.0,67.0,63.0,55.0,109.0,57.0,59.0,0.0,54.0,55.0,109.0,0.0,67.0,0.0,84.0,0.0,0.0,46.0,57.0,61.0,0.0,54.0,0.0,61.0,65.0,74.0,85.0,0.0,0.0,61.0,0.0,0.0,67.0,67.0,64.0,0.0,106.0,23.0,0.0,64.0,0.0,0.0,0.0,57.0,0.0,0.0,0.0,54.0,109.0,54.0
129.0,61.0,50.0,0.0,74.0,74.0,59.0,0.0,63.0,91.0,63.0,70.0,0.0,44.0,73.0,0.0,0.0,0.0,73.0,129.0,62.0,249.0,303.0,62.0,86.0,0.0,0.0,30.0,164.0,43.0,67.0,65.0,0.0,115.0,194.0,24.0,114.0,156.0,327.0,129.0,95.0,164.0,0.0,0.0,249.0,131.0,95.0,0.0,50.0,0.0,344.0,0.0,57.0,0.0,74.0,303.0,531.0,56.0,0.0,303.0,103.0,156.0,44.0,0.0,0.0,44.0,0.0,0.0,50.0,50.0,61.0,0.0,71.0,136.0,0.0,61.0,69.0,194.0,24.0,74.0,31.0,51.0,91.0,249.0,95.0,249.0
136.0,65.0,88.0,101.0,71.0,71.0,94.0,0.0,53.0,53.0,0.0,0.0,0.0,51.0,0.0,0.0,0.0,65.0,0.0,62.0,0.0,72.0,68.0,0.0,88.0,63.0,36.0,0.0,67.0,0.0,39.0,88.0,21.0,101.0,182.0,0.0,0.0,78.0,51.0,51.0,0.0,0.0,0.0,0.0,72.0,51.0,0.0,0.0,0.0,0.0,92.0,0.0,71.0,71.0,71.0,68.0,33.0,56.0,0.0,68.0,80.0,171.0,0.0,69.0,73.0,65.0,0.0,0.0,88.0,88.0,65.0,73.0,0.0,136.0,73.0,65.0,58.0,145.0,0.0,71.0,0.0,54.0,33.0,72.0,0.0,72.0
0.0,45.0,0.0,146.0,57.0,57.0,0.0,86.0,0.0,0.0,0.0,23.0,53.0,37.0,0.0,89.0,72.0,51.0,0.0,0.0,34.0,43.0,54.0,34.0,40.0,38.0,77.0,42.0,0.0,23.0,0.0,37.0,121.0,146.0,0.0,68.0,39.0,49.0,36.0,0.0,0.0,0.0,89.0,60.0,43.0,0.0,39.0,60.0,0.0,36.0,35.0,71.0,58.0,77.0,57.0,54.0,66.0,43.0,103.0,54.0,49.0,49.0,68.0,70.0,53.0,0.0,65.0,60.0,0.0,0.0,45.0,53.0,0.0,0.0,53.0,45.0,0.0,0.0,68.0,21.0,47.0,32.0,57.0,43.0,0.0,43.0
75.0,146.0,82.0,109.0,56.0,56.0,214.0,0.0,0.0,0.0,0.0,31.0,0.0,220.0,0.0,0.0,0.0,202.0,0.0,133.0,0.0,215.0,202.0,0.0,37.0,225.0,0.0,216.0,0.0,0.0,0.0,36.0,0.0,109.0,80.0,0.0,209.0,186.0,266.0,133.0,158.0,167.0,0.0,66.0,215.0,0.0,147.0,66.0,82.0,0.0,251.0,35.0,0.0,0.0,56.0,249.0,0.0,215.0,0.0,249.0,237.0,194.0,214.0,0.0,0.0,129.0,0.0,0.0,82.0,82.0,146.0,0.0,0.0,122.0,0.0,146.0,0.0,80.0,0.0,42.0,258.0,63.0,56.0,215.0,158.0,164.0
149.0,235.0,80.0,171.0,0.0,0.0,110.0,0.0,56.0,128.0,56.0,36.0,0.0,49.0,34.0,0.0,0.0,165.0,71.0,235.0,0.0,109.0,45.0,0.0,77.0,188.0,0.0,49.0,235.0,24.0,0.0,77.0,0.0,171.0,0.0,0.0,40.0,66.0,46.0,235.0,235.0,235.0,178.0,0.0,109.0,235.0,235.0,0.0,30.0,0.0,36.0,0.0,0.0,0.0,0.0,45.0,265.0,109.0,0.0,54.0,33.0,63.0,110.0,0.0,0.0,52.0,0.0,0.0,30.0,30.0,235.0,0.0,34.0,0.0,0.0,235.0,0.0,0.0,0.0,0.0,145.0,0.0,0.0,44.0,235.0,44.0
0.0,0.0,166.0,0.0,47.0,47.0,83.0,94.0,104.0,104.0,104.0,0.0,57.0,35.0,46.0,53.0,59.0,0.0,46.0,62.0,109.0,55.0,0.0,109.0,20.0,52.0,60.0,115.0,0.0,95.0,22.0,20.0,31.0,327.0,102.0,92.0,0.0,0.0,169.0,23.0,23.0,0.0,53.0,61.0,55.0,23.0,23.0,61.0,39.0,59.0,71.0,0.0,67.0,20.0,47.0,0.0,73.0,55.0,92.0,0.0,70.0,80.0,0.0,64.0,57.0,0.0,96.0,57.0,39.0,39.0,0.0,71.0,52.0,0.0,71.0,0.0,97.0,0.0,92.0,47.0,0.0,42.0,0.0,50.0,23.0,50.0
52.0,134.0,197.0,96.0,0.0,0.0,188.0,64.0,0.0,0.0,0.0,177.0,79.0,160.0,0.0,103.0,73.0,222.0,0.0,92.0,65.0,177.0,140.0,65.0,77.0,148.0,34.0,80.0,94.0,68.0,0.0,394.0,0.0,96.0,81.0,54.0,212.0,0.0,111.0,88.0,91.0,0.0,103.0,51.0,177.0,88.0,141.0,154.0,197.0,73.0,181.0,65.0,0.0,34.0,0.0,140.0,0.0,177.0,77.0,140.0,188.0,0.0,186.0,133.0,79.0,143.0,86.0,51.0,197.0,197.0,134.0,79.0,0.0,52.0,79.0,143.0,62.0,142.0,54.0,0.0,161.0,0.0,0.0,177.0,91.0,177.0
339.0,21.0,40.0,0.0,55.0,55.0,67.0,0.0,72.0,72.0,0.0,54.0,77.0,21.0,54.0,33.0,77.0,38.0,54.0,25.0,0.0,43.0,0.0,0.0,102.0,257.0,58.0,42.0,0.0,0.0,55.0,115.0,0.0,0.0,472.0,0.0,176.0,23.0,21.0,25.0,21.0,0.0,0.0,77.0,43.0,0.0,21.0,77.0,40.0,0.0,154.0,0.0,0.0,0.0,55.0,0.0,50.0,43.0,0.0,0.0,101.0,34.0,69.0,0.0,77.0,21.0,0.0,77.0,40.0,40.0,21.0,77.0,0.0,0.0,0.0,21.0,0.0,472.0,0.0,0.0,45.0,0.0,55.0,43.0,21.0,45.0
0.0,45.0,40.0,0.0,0.0,0.0,49.0,73.0,0.0,0.0,0.0,80.0,71.0,52.0,58.0,98.0,0.0,0.0,58.0,43.0,80.0,67.0,21.0,80.0,55.0,63.0,36.0,55.0,178.0,92.0,0.0,91.0,0.0,0.0,171.0,0.0,174.0,20.0,0.0,43.0,48.0,178.0,0.0,69.0,67.0,64.0,48.0,69.0,40.0,0.0,188.0,0.0,66.0,37.0,0.0,21.0,0.0,67.0,0.0,51.0,36.0,36.0,49.0,110.0,71.0,77.0,52.0,71.0,40.0,40.0,45.0,43.0,30.0,0.0,43.0,45.0,95.0,171.0,0.0,0.0,38.0,0.0,0.0,46.0,48.0,46.0
0.0,0.0,42.0,0.0,37.0,37.0,31.0,0.0,71.0,71.0,71.0,61.0,45.0,0.0,68.0,21.0,92.0,73.0,68.0,164.0,0.0,0.0,0.0,0.0,68.0,21.0,74.0,0.0,0.0,0.0,0.0,68.0,0.0,0.0,178.0,0.0,46.0,0.0,50.0,51.0,51.0,48.0,21.0,0.0,0.0,51.0,51.0,0.0,41.0,92.0,45.0,71.0,39.0,25.0,37.0,0.0,0.0,51.0,0.0,0.0,39.0,22.0,46.0,101.0,76.0,0.0,0.0,45.0,42.0,41.0,0.0,76.0,24.0,0.0,76.0,0.0,65.0,149.0,0.0,37.0,45.0,40.0,58.0,0.0,51.0,0.0
49.0,56.0,0.0,76.0,30.0,30.0,337.0,43.0,25.0,25.0,0.0,67.0,41.0,112.0,30.0,151.0,60.0,67.0,30.0,71.0,30.0,37.0,0.0,30.0,62.0,154.0,50.0,0.0,39.0,0.0,21.0,39.0,0.0,76.0,0.0,88.0,33.0,33.0,30.0,54.0,22.0,0.0,151.0,0.0,37.0,54.0,48.0,0.0,0.0,37.0,0.0,0.0,30.0,50.0,30.0,0.0,20.0,37.0,76.0,0.0,0.0,33.0,20.0,20.0,41.0,184.0,57.0,0.0,0.0,0.0,56.0,41.0,33.0,49.0,41.0,56.0,23.0,0.0,88.0,24.0,200.0,30.0,30.0,37.0,22.0,37.0
0.0,55.0,43.0,0.0,0.0,0.0,0.0,21.0,86.0,0.0,86.0,48.0,21.0,147.0,122.0,0.0,20.0,57.0,79.0,145.0,20.0,30.0,0.0,20.0,46.0,83.0,22.0,43.0,68.0,22.0,0.0,81.0,24.0,0.0,63.0,22.0,0.0,86.0,53.0,145.0,42.0,40.0,0.0,0.0,30.0,68.0,192.0,0.0,43.0,21.0,0.0,0.0,100.0,0.0,0.0,0.0,335.0,30.0,20.0,0.0,47.0,396.0,0.0,0.0,21.0,179.0,21.0,21.0,43.0,43.0,55.0,21.0,122.0,23.0,21.0,55.0,22.0,63.0,20.0,98.0,70.0,110.0,0.0,30.0,42.0,37.0
124.0,30.0,113.0,140.0,49.0,49.0,39.0,0.0,24.0,32.0,24.0,0.0,0.0,0.0,73.0,208.0,0.0,98.0,73.0,0.0,0.0,0.0,141.0,0.0,0.0,31.0,34.0,61.0,0.0,0.0,0.0,0.0,0.0,0.0,0.0,0.0,93.0,20.0,151.0,0.0,24.0,0.0,208.0,0.0,0.0,0.0,24.0,0.0,101.0,0.0,161.0,25.0,70.0,67.0,49.0,141.0,35.0,0.0,0.0,0.0,46.0,333.0,39.0,0.0,0.0,0.0,0.0,0.0,101.0,101.0,30.0,74.0,34.0,293.0,74.0,30.0,0.0,0.0,0.0,49.0,80.0,80.0,32.0,308.0,24.0,308.0
63.0,67.0,56.0,73.0,107.0,107.0,67.0,0.0,33.0,33.0,34.0,52.0,0.0,42.0,0.0,73.0,0.0,38.0,0.0,140.0,51.0,42.0,20.0,51.0,32.0,37.0,0.0,41.0,0.0,67.0,30.0,32.0,0.0,73.0,0.0,70.0,106.0,46.0,34.0,0.0,39.0,0.0,73.0,0.0,42.0,0.0,94.0,0.0,52.0,0.0,51.0,0.0,30.0,0.0,107.0,20.0,0.0,32.0,0.0,20.0,0.0,46.0,82.0,37.0,0.0,67.0,0.0,0.0,56.0,56.0,67.0,0.0,46.0,63.0,0.0,67.0,34.0,0.0,70.0,107.0,40.0,60.0,39.0,42.0,39.0,42.0
42.0,77.0,92.0,32.0,0.0,0.0,20.0,0.0,21.0,21.0,0.0,105.0,37.0,0.0,54.0,0.0,32.0,37.0,54.0,226.0,31.0,40.0,155.0,31.0,32.0,102.0,34.0,50.0,63.0,30.0,42.0,155.0,120.0,32.0,346.0,25.0,104.0,0.0,22.0,86.0,23.0,64.0,0.0,43.0,40.0,86.0,176.0,43.0,92.0,22.0,34.0,52.0,25.0,64.0,0.0,155.0,0.0,40.0,30.0,155.0,0.0,0.0,36.0,24.0,37.0,164.0,68.0,37.0,92.0,92.0,77.0,37.0,30.0,40.0,37.0,77.0,45.0,346.0,31.0,21.0,44.0,25.0,0.0,40.0,23.0,40.0
157.0,68.0,23.0,36.0,0.0,0.0,149.0,37.0,0.0,0.0,0.0,60.0,46.0,0.0,0.0,30.0,31.0,51.0,0.0,24.0,33.0,42.0,44.0,33.0,74.0,31.0,0.0,39.0,57.0,32.0,0.0,0.0,0.0,36.0,40.0,31.0,23.0,36.0,61.0,24.0,305.0,60.0,204.0,0.0,42.0,57.0,305.0,0.0,23.0,31.0,43.0,0.0,0.0,0.0,0.0,40.0,0.0,42.0,0.0,40.0,43.0,85.0,149.0,24.0,46.0,61.0,40.0,46.0,23.0,23.0,68.0,0.0,0.0,45.0,0.0,68.0,24.0,40.0,33.0,0.0,24.0,0.0,0.0,42.0,305.0,239.0
304.0,0.0,247.0,42.0,46.0,46.0,272.0,0.0,33.0,30.0,33.0,0.0,0.0,0.0,31.0,332.0,0.0,147.0,31.0,0.0,0.0,138.0,0.0,0.0,51.0,136.0,0.0,154.0,0.0,0.0,23.0,51.0,0.0,191.0,0.0,0.0,259.0,219.0,157.0,0.0,0.0,0.0,31.0,0.0,138.0,0.0,0.0,0.0,0.0,0.0,175.0,57.0,42.0,25.0,46.0,0.0,79.0,138.0,0.0,0.0,246.0,165.0,259.0,0.0,0.0,0.0,0.0,0.0,0.0,0.0,0.0,22.0,24.0,304.0,22.0,0.0,0.0,0.0,0.0,46.0,138.0,49.0,30.0,225.0,0.0,225.0
140.0,36.0,22.0,55.0,195.0,37.0,39.0,0.0,46.0,46.0,20.0,54.0,21.0,105.0,177.0,22.0,0.0,30.0,177.0,127.0,67.0,36.0,34.0,67.0,0.0,49.0,0.0,65.0,230.0,23.0,0.0,0.0,320.0,55.0,51.0,0.0,48.0,171.0,142.0,54.0,56.0,45.0,22.0,0.0,36.0,54.0,58.0,35.0,22.0,0.0,53.0,0.0,0.0,0.0,195.0,34.0,0.0,164.0,46.0,34.0,0.0,171.0,51.0,0.0,21.0,51.0,31.0,0.0,22.0,22.0,36.0,21.0,0.0,140.0,21.0,51.0,22.0,46.0,0.0,37.0,52.0,23.0,195.0,36.0,56.0,36.0
92.0,163.0,62.0,20.0,20.0,20.0,161.0,0.0,55.0,55.0,24.0,51.0,34.0,50.0,24.0,0.0,46.0,60.0,24.0,190.0,0.0,37.0,43.0,38.0,43.0,49.0,0.0,149.0,49.0,51.0,0.0,0.0,146.0,20.0,0.0,0.0,39.0,51.0,50.0,49.0,46.0,241.0,213.0,21.0,37.0,49.0,209.0,21.0,62.0,48.0,42.0,0.0,33.0,30.0,20.0,43.0,0.0,37.0,51.0,43.0,20.0,51.0,168.0,24.0,34.0,45.0,0.0,34.0,62.0,62.0,163.0,34.0,0.0,0.0,31.0,163.0,30.0,0.0,0.0,34.0,40.0,0.0,20.0,37.0,46.0,178.0
36.0,39.0,176.0,151.0,24.0,24.0,43.0,33.0,40.0,38.0,40.0,35.0,0.0,46.0,48.0,201.0,30.0,301.0,24.0,49.0,45.0,146.0,71.0,45.0,69.0,33.0,25.0,81.0,51.0,21.0,34.0,0.0,110.0,151.0,54.0,25.0,34.0,145.0,37.0,49.0,42.0,51.0,0.0,0.0,146.0,54.0,42.0,0.0,176.0,30.0,133.0,0.0,25.0,0.0,24.0,149.0,0.0,146.0,37.0,149.0,148.0,46.0,43.0,32.0,0.0,145.0,30.0,0.0,176.0,176.0,39.0,0.0,73.0,55.0,0.0,39.0,20.0,54.0,25.0,24.0,58.0,60.0,24.0,146.0,42.0,59.0
57.0,39.0,47.0,0.0,0.0,0.0,710.0,0.0,0.0,0.0,0.0,45.0,0.0,56.0,0.0,170.0,0.0,580.0,0.0,62.0,36.0,39.0,523.0,36.0,23.0,52.0,20.0,386.0,36.0,60.0,30.0,23.0,252.0,0.0,188.0,0.0,523.0,316.0,31.0,44.0,50.0,215.0,170.0,0.0,49.0,44.0,50.0,0.0,42.0,0.0,749.0,22.0,32.0,0.0,0.0,343.0,59.0,49.0,21.0,343.0,720.0,365.0,719.0,57.0,0.0,39.0,0.0,0.0,42.0,42.0,39.0,0.0,0.0,57.0,0.0,39.0,45.0,38.0,0.0,0.0,353.0,21.0,0.0,39.0,50.0,39.0
169.0,34.0,39.0,0.0,38.0,38.0,729.0,32.0,35.0,35.0,37.0,143.0,20.0,148.0,37.0,131.0,23.0,55.0,37.0,51.0,36.0,46.0,527.0,36.0,40.0,56.0,37.0,306.0,214.0,33.0,36.0,33.0,0.0,0.0,155.0,34.0,745.0,291.0,34.0,45.0,68.0,43.0,131.0,21.0,46.0,45.0,157.0,21.0,39.0,23.0,427.0,25.0,30.0,37.0,38.0,527.0,0.0,46.0,39.0,492.0,148.0,284.0,766.0,23.0,20.0,43.0,36.0,21.0,39.0,39.0,34.0,20.0,72.0,169.0,20.0,34.0,32.0,155.0,34.0,51.0,309.0,37.0,38.0,46.0,68.0,46.0
0.0,341.0,142.0,24.0,25.0,25.0,32.0,23.0,0.0,31.0,0.0,52.0,35.0,49.0,23.0,179.0,34.0,63.0,23.0,25.0,25.0,82.0,130.0,25.0,35.0,61.0,20.0,52.0,53.0,75.0,23.0,37.0,0.0,24.0,65.0,37.0,161.0,0.0,58.0,25.0,46.0,51.0,146.0,0.0,82.0,53.0,43.0,0.0,142.0,23.0,46.0,0.0,44.0,20.0,25.0,130.0,0.0,82.0,42.0,130.0,143.0,182.0,32.0,61.0,35.0,39.0,55.0,35.0,142.0,142.0,341.0,35.0,22.0,44.0,35.0,341.0,75.0,65.0,22.0,83.0,188.0,61.0,25.0,82.0,46.0,60.0
0.0,40.0,34.0,71.0,20.0,20.0,712.0,67.0,43.0,33.0,43.0,0.0,37.0,55.0,38.0,41.0,53.0,583.0,38.0,95.0,46.0,60.0,432.0,46.0,0.0,97.0,69.0,606.0,40.0,39.0,34.0,0.0,39.0,122.0,100.0,56.0,695.0,488.0,45.0,95.0,100.0,40.0,41.0,25.0,60.0,48.0,100.0,25.0,40.0,53.0,616.0,62.0,22.0,22.0,20.0,432.0,24.0,60.0,36.0,351.0,685.0,557.0,775.0,61.0,37.0,99.0,66.0,37.0,40.0,40.0,40.0,42.0,33.0,181.0,42.0,40.0,24.0,100.0,56.0,20.0,693.0,37.0,33.0,65.0,100.0,65.0
42.0,32.0,67.0,215.0,33.0,33.0,42.0,48.0,64.0,64.0,49.0,205.0,45.0,36.0,49.0,0.0,30.0,66.0,49.0,36.0,38.0,74.0,69.0,38.0,42.0,109.0,42.0,89.0,160.0,80.0,23.0,42.0,37.0,215.0,192.0,70.0,116.0,105.0,105.0,42.0,38.0,71.0,0.0,54.0,74.0,42.0,38.0,54.0,205.0,30.0,106.0,0.0,0.0,58.0,33.0,69.0,52.0,42.0,23.0,556.0,160.0,78.0,116.0,21.0,36.0,352.0,70.0,45.0,67.0,67.0,32.0,36.0,71.0,42.0,36.0,32.0,36.0,82.0,70.0,33.0,98.0,21.0,20.0,74.0,38.0,74.0
61.0,52.0,36.0,0.0,23.0,23.0,65.0,20.0,34.0,34.0,31.0,139.0,36.0,62.0,24.0,0.0,24.0,94.0,24.0,49.0,39.0,39.0,44.0,39.0,48.0,93.0,21.0,42.0,67.0,24.0,0.0,0.0,195.0,0.0,66.0,0.0,25.0,52.0,58.0,48.0,41.0,66.0,0.0,54.0,39.0,48.0,39.0,54.0,36.0,151.0,163.0,35.0,61.0,21.0,23.0,44.0,0.0,39.0,32.0,44.0,0.0,52.0,63.0,38.0,36.0,49.0,54.0,54.0,36.0,36.0,52.0,36.0,20.0,180.0,36.0,52.0,54.0,66.0,0.0,34.0,47.0,20.0,23.0,39.0,41.0,39.0
40.0,143.0,0.0,223.0,20.0,20.0,656.0,23.0,23.0,0.0,23.0,64.0,21.0,63.0,33.0,0.0,0.0,290.0,23.0,118.0,23.0,92.0,475.0,23.0,33.0,89.0,0.0,299.0,92.0,49.0,0.0,43.0,0.0,223.0,43.0,61.0,596.0,312.0,51.0,118.0,103.0,174.0,149.0,21.0,92.0,92.0,103.0,21.0,0.0,0.0,575.0,0.0,23.0,0.0,20.0,411.0,367.0,92.0,36.0,416.0,0.0,322.0,650.0,23.0,21.0,32.0,73.0,21.0,0.0,0.0,143.0,0.0,33.0,41.0,0.0,143.0,49.0,43.0,85.0,37.0,287.0,39.0,20.0,92.0,103.0,93.0
45.0,48.0,157.0,45.0,45.0,45.0,607.0,63.0,45.0,45.0,45.0,31.0,0.0,49.0,45.0,45.0,0.0,329.0,45.0,45.0,41.0,160.0,350.0,41.0,46.0,334.0,20.0,317.0,45.0,41.0,45.0,46.0,45.0,45.0,45.0,89.0,648.0,252.0,40.0,45.0,45.0,45.0,45.0,0.0,160.0,45.0,45.0,0.0,0.0,0.0,620.0,0.0,45.0,25.0,45.0,388.0,45.0,160.0,0.0,398.0,625.0,309.0,505.0,76.0,0.0,49.0,21.0,0.0,0.0,0.0,48.0,35.0,45.0,45.0,35.0,48.0,36.0,45.0,89.0,45.0,342.0,45.0,45.0,67.0,45.0,67.0
